state,plan,age,profile,rank,carrier,monthly_rate,rate_type,household_discount,latest_increase_pct,latest_increase_date,state_low,state_high,state_spread,carriers_quoting,as_of
PA,G,65,F non-tobacco,1,"Physicians Mutual (PSIC)",122.39,attained age,yes,9,2025-10-01,122.39,295.51,173.12,28,2026-07-15
PA,G,65,F non-tobacco,2,"HealthSpring Ins Co",149.53,attained age,yes,19,2026-02-01,122.39,295.51,173.12,28,2026-07-15
PA,G,65,F non-tobacco,3,"Humana Insurance Company",155.54,attained age,yes,19.53,2025-11-01,122.39,295.51,173.12,28,2026-07-15
PA,G,65,F non-tobacco,4,"MedMutual Protect",167.17,attained age,no,16.52,2024-07-01,122.39,295.51,173.12,28,2026-07-15
PA,G,65,F non-tobacco,5,"Washington Natl Ins Co",168.06,attained age,no,11.5,2025-08-11,122.39,295.51,173.12,28,2026-07-15
PA,G,65,M non-tobacco,1,"Physicians Mutual (PSIC)",135.28,attained age,yes,9,2025-10-01,135.28,339.87,204.59,28,2026-07-15
PA,G,65,M non-tobacco,2,"HealthSpring Ins Co",167.47,attained age,yes,19,2026-02-01,135.28,339.87,204.59,28,2026-07-15
PA,G,65,M non-tobacco,3,"Humana Insurance Company",175.79,attained age,yes,19.53,2025-11-01,135.28,339.87,204.59,28,2026-07-15
PA,G,65,M non-tobacco,4,"State Farm Mut Auto Ins Co",181.39,attained age,no,14.32,2026-02-01,135.28,339.87,204.59,28,2026-07-15
PA,G,65,M non-tobacco,5,"MedMutual Protect",183.83,attained age,no,16.52,2024-07-01,135.28,339.87,204.59,28,2026-07-15
PA,G,67,F non-tobacco,1,"Physicians Mutual (PSIC)",122.39,attained age,yes,9,2025-10-01,122.39,295.51,173.12,28,2026-07-15
PA,G,67,F non-tobacco,2,"HealthSpring Ins Co",149.53,attained age,yes,19,2026-02-01,122.39,295.51,173.12,28,2026-07-15
PA,G,67,F non-tobacco,3,"Humana Insurance Company",155.54,attained age,yes,19.53,2025-11-01,122.39,295.51,173.12,28,2026-07-15
PA,G,67,F non-tobacco,4,"MedMutual Protect",167.17,attained age,no,16.52,2024-07-01,122.39,295.51,173.12,28,2026-07-15
PA,G,67,F non-tobacco,5,"Nassau Life Insurance Company",168.59,attained age,no,7,2025-10-01,122.39,295.51,173.12,28,2026-07-15
PA,G,67,M non-tobacco,1,"Physicians Mutual (PSIC)",135.28,attained age,yes,9,2025-10-01,135.28,339.87,204.59,28,2026-07-15
PA,G,67,M non-tobacco,2,"HealthSpring Ins Co",167.47,attained age,yes,19,2026-02-01,135.28,339.87,204.59,28,2026-07-15
PA,G,67,M non-tobacco,3,"Humana Insurance Company",175.79,attained age,yes,19.53,2025-11-01,135.28,339.87,204.59,28,2026-07-15
PA,G,67,M non-tobacco,4,"MedMutual Protect",183.83,attained age,no,16.52,2024-07-01,135.28,339.87,204.59,28,2026-07-15
PA,G,67,M non-tobacco,5,"Nassau Life Insurance Company",189.43,attained age,no,7,2025-10-01,135.28,339.87,204.59,28,2026-07-15
PA,G,70,F non-tobacco,1,"Physicians Mutual (PSIC)",130.58,attained age,yes,9,2025-10-01,130.58,325.98,195.40,28,2026-07-15
PA,G,70,F non-tobacco,2,"HealthSpring Ins Co",154.05,attained age,yes,19,2026-02-01,130.58,325.98,195.40,28,2026-07-15
PA,G,70,F non-tobacco,3,"Humana Insurance Company",165.07,attained age,yes,19.53,2025-11-01,130.58,325.98,195.40,28,2026-07-15
PA,G,70,F non-tobacco,4,"Insurance Co of N Amer",175.89,attained age,no,,,130.58,325.98,195.40,28,2026-07-15
PA,G,70,F non-tobacco,5,"Medico Life and Health Ins Co",177.97,attained age,no,18.59,2025-09-01,130.58,325.98,195.40,28,2026-07-15
PA,G,70,M non-tobacco,1,"Physicians Mutual (PSIC)",144.34,attained age,yes,9,2025-10-01,144.34,374.93,230.59,28,2026-07-15
PA,G,70,M non-tobacco,2,"HealthSpring Ins Co",172.53,attained age,yes,19,2026-02-01,144.34,374.93,230.59,28,2026-07-15
PA,G,70,M non-tobacco,3,"Humana Insurance Company",186.56,attained age,yes,19.53,2025-11-01,144.34,374.93,230.59,28,2026-07-15
PA,G,70,M non-tobacco,4,"Insurance Co of N Amer",198.75,attained age,no,,,144.34,374.93,230.59,28,2026-07-15
PA,G,70,M non-tobacco,5,"MedMutual Protect",201.00,attained age,no,16.52,2024-07-01,144.34,374.93,230.59,28,2026-07-15
PA,G,75,F non-tobacco,1,"Physicians Mutual (PSIC)",149.32,attained age,yes,9,2025-10-01,149.32,390.14,240.82,28,2026-07-15
PA,G,75,F non-tobacco,2,"HealthSpring Ins Co",181.15,attained age,yes,19,2026-02-01,149.32,390.14,240.82,28,2026-07-15
PA,G,75,F non-tobacco,3,"Medico Life and Health Ins Co",189.80,attained age,no,18.59,2025-09-01,149.32,390.14,240.82,28,2026-07-15
PA,G,75,F non-tobacco,4,"Humana Insurance Company",195.15,attained age,yes,19.53,2025-11-01,149.32,390.14,240.82,28,2026-07-15
PA,G,75,F non-tobacco,5,"Insurance Co of N Amer",208.81,attained age,no,,,149.32,390.14,240.82,28,2026-07-15
PA,G,75,M non-tobacco,1,"Physicians Mutual (PSIC)",165.06,attained age,yes,9,2025-10-01,165.06,448.65,283.59,28,2026-07-15
PA,G,75,M non-tobacco,2,"HealthSpring Ins Co",202.89,attained age,yes,19,2026-02-01,165.06,448.65,283.59,28,2026-07-15
PA,G,75,M non-tobacco,3,"Medico Life and Health Ins Co",218.27,attained age,no,18.59,2025-09-01,165.06,448.65,283.59,28,2026-07-15
PA,G,75,M non-tobacco,4,"Humana Insurance Company",220.54,attained age,yes,19.53,2025-11-01,165.06,448.65,283.59,28,2026-07-15
PA,G,75,M non-tobacco,5,"MedMutual Protect",232.25,attained age,no,16.52,2024-07-01,165.06,448.65,283.59,28,2026-07-15
PA,G,80,F non-tobacco,1,"Physicians Mutual (PSIC)",170.64,attained age,yes,9,2025-10-01,170.64,453.56,282.92,28,2026-07-15
PA,G,80,F non-tobacco,2,"Medico Life and Health Ins Co",224.31,attained age,no,18.59,2025-09-01,170.64,453.56,282.92,28,2026-07-15
PA,G,80,F non-tobacco,3,"HealthSpring Ins Co",226.83,attained age,yes,19,2026-02-01,170.64,453.56,282.92,28,2026-07-15
PA,G,80,F non-tobacco,4,"Humana Insurance Company",237.47,attained age,yes,19.53,2025-11-01,170.64,453.56,282.92,28,2026-07-15
PA,G,80,F non-tobacco,5,"MedMutual Protect",239.08,attained age,no,16.52,2024-07-01,170.64,453.56,282.92,28,2026-07-15
PA,G,80,M non-tobacco,1,"Physicians Mutual (PSIC)",188.58,attained age,yes,9,2025-10-01,188.58,517.57,328.99,28,2026-07-15
PA,G,80,M non-tobacco,2,"HealthSpring Ins Co",254.04,attained age,yes,19,2026-02-01,188.58,517.57,328.99,28,2026-07-15
PA,G,80,M non-tobacco,3,"Medico Life and Health Ins Co",257.95,attained age,no,18.59,2025-09-01,188.58,517.57,328.99,28,2026-07-15
PA,G,80,M non-tobacco,4,"MedMutual Protect",263.08,attained age,no,16.52,2024-07-01,188.58,517.57,328.99,28,2026-07-15
PA,G,80,M non-tobacco,5,"Humana Insurance Company",268.37,attained age,yes,19.53,2025-11-01,188.58,517.57,328.99,28,2026-07-15
PA,N,65,F non-tobacco,1,"HealthSpring Ins Co",99.11,attained age,yes,18.99,2026-02-01,99.11,228.18,129.07,28,2026-07-15
PA,N,65,F non-tobacco,2,"Humana Insurance Company",104.25,attained age,yes,9.52,2025-11-01,99.11,228.18,129.07,28,2026-07-15
PA,N,65,F non-tobacco,3,"Insurance Co of N Amer",114.51,attained age,no,,,99.11,228.18,129.07,28,2026-07-15
PA,N,65,F non-tobacco,4,"Washington Natl Ins Co",115.84,attained age,no,5.49,2025-08-11,99.11,228.18,129.07,28,2026-07-15
PA,N,65,F non-tobacco,5,"Nassau Life Insurance Company",121.27,attained age,no,7,2025-10-01,99.11,228.18,129.07,28,2026-07-15
PA,N,65,M non-tobacco,1,"HealthSpring Ins Co",111.00,attained age,yes,18.99,2026-02-01,111.00,255.56,144.56,28,2026-07-15
PA,N,65,M non-tobacco,2,"Humana Insurance Company",117.84,attained age,yes,9.52,2025-11-01,111.00,255.56,144.56,28,2026-07-15
PA,N,65,M non-tobacco,3,"Washington Natl Ins Co",128.72,attained age,no,5.49,2025-08-11,111.00,255.56,144.56,28,2026-07-15
PA,N,65,M non-tobacco,4,"Insurance Co of N Amer",129.43,attained age,no,,,111.00,255.56,144.56,28,2026-07-15
PA,N,65,M non-tobacco,5,"Nassau Life Insurance Company",136.25,attained age,no,7,2025-10-01,111.00,255.56,144.56,28,2026-07-15
PA,N,67,F non-tobacco,1,"HealthSpring Ins Co",102.08,attained age,yes,18.99,2026-02-01,102.08,228.18,126.10,28,2026-07-15
PA,N,67,F non-tobacco,2,"Humana Insurance Company",104.25,attained age,yes,9.52,2025-11-01,102.08,228.18,126.10,28,2026-07-15
PA,N,67,F non-tobacco,3,"Insurance Co of N Amer",114.51,attained age,no,,,102.08,228.18,126.10,28,2026-07-15
PA,N,67,F non-tobacco,4,"Nassau Life Insurance Company",121.27,attained age,no,7,2025-10-01,102.08,228.18,126.10,28,2026-07-15
PA,N,67,F non-tobacco,5,"Washington Natl Ins Co",125.10,attained age,no,5.49,2025-08-11,102.08,228.18,126.10,28,2026-07-15
PA,N,67,M non-tobacco,1,"HealthSpring Ins Co",114.33,attained age,yes,18.99,2026-02-01,114.33,262.00,147.67,28,2026-07-15
PA,N,67,M non-tobacco,2,"Humana Insurance Company",117.84,attained age,yes,9.52,2025-11-01,114.33,262.00,147.67,28,2026-07-15
PA,N,67,M non-tobacco,3,"Insurance Co of N Amer",129.43,attained age,no,,,114.33,262.00,147.67,28,2026-07-15
PA,N,67,M non-tobacco,4,"Nassau Life Insurance Company",136.25,attained age,no,7,2025-10-01,114.33,262.00,147.67,28,2026-07-15
PA,N,67,M non-tobacco,5,"Washington Natl Ins Co",139.00,attained age,no,5.49,2025-08-11,114.33,262.00,147.67,28,2026-07-15
PA,N,70,F non-tobacco,1,"HealthSpring Ins Co",112.09,attained age,yes,18.99,2026-02-01,112.09,269.00,156.91,28,2026-07-15
PA,N,70,F non-tobacco,2,"Insurance Co of N Amer",116.31,attained age,no,,,112.09,269.00,156.91,28,2026-07-15
PA,N,70,F non-tobacco,3,"Humana Insurance Company",117.30,attained age,yes,9.52,2025-11-01,112.09,269.00,156.91,28,2026-07-15
PA,N,70,F non-tobacco,4,"Medico Life and Health Ins Co",130.65,attained age,no,18.59,2025-09-01,112.09,269.00,156.91,28,2026-07-15
PA,N,70,F non-tobacco,5,"Nassau Life Insurance Company",133.54,attained age,no,7,2025-10-01,112.09,269.00,156.91,28,2026-07-15
PA,N,70,M non-tobacco,1,"HealthSpring Ins Co",125.54,attained age,yes,18.99,2026-02-01,125.54,309.00,183.46,28,2026-07-15
PA,N,70,M non-tobacco,2,"Insurance Co of N Amer",131.44,attained age,no,,,125.54,309.00,183.46,28,2026-07-15
PA,N,70,M non-tobacco,3,"Humana Insurance Company",132.58,attained age,yes,9.52,2025-11-01,125.54,309.00,183.46,28,2026-07-15
PA,N,70,M non-tobacco,4,"Nassau Life Insurance Company",150.05,attained age,no,7,2025-10-01,125.54,309.00,183.46,28,2026-07-15
PA,N,70,M non-tobacco,5,"Medico Life and Health Ins Co",150.25,attained age,no,18.59,2025-09-01,125.54,309.00,183.46,28,2026-07-15
PA,N,75,F non-tobacco,1,"HealthSpring Ins Co",133.25,attained age,yes,18.99,2026-02-01,133.25,314.00,180.75,28,2026-07-15
PA,N,75,F non-tobacco,2,"Insurance Co of N Amer",138.11,attained age,no,,,133.25,314.00,180.75,28,2026-07-15
PA,N,75,F non-tobacco,3,"Medico Life and Health Ins Co",139.34,attained age,no,18.59,2025-09-01,133.25,314.00,180.75,28,2026-07-15
PA,N,75,F non-tobacco,4,"Humana Insurance Company",144.14,attained age,yes,9.52,2025-11-01,133.25,314.00,180.75,28,2026-07-15
PA,N,75,F non-tobacco,5,"Nassau Life Insurance Company",163.65,attained age,no,7,2025-10-01,133.25,314.00,180.75,28,2026-07-15
PA,N,75,M non-tobacco,1,"HealthSpring Ins Co",149.24,attained age,yes,18.99,2026-02-01,149.24,361.00,211.76,28,2026-07-15
PA,N,75,M non-tobacco,2,"Insurance Co of N Amer",156.10,attained age,no,,,149.24,361.00,211.76,28,2026-07-15
PA,N,75,M non-tobacco,3,"Medico Life and Health Ins Co",160.24,attained age,no,18.59,2025-09-01,149.24,361.00,211.76,28,2026-07-15
PA,N,75,M non-tobacco,4,"Humana Insurance Company",162.91,attained age,yes,9.52,2025-11-01,149.24,361.00,211.76,28,2026-07-15
PA,N,75,M non-tobacco,5,"MedMutual Protect",180.58,attained age,no,16.51,2024-07-01,149.24,361.00,211.76,28,2026-07-15
PA,N,80,F non-tobacco,1,"HealthSpring Ins Co",159.03,attained age,yes,18.99,2026-02-01,159.03,352.65,193.62,28,2026-07-15
PA,N,80,F non-tobacco,2,"Medico Life and Health Ins Co",164.67,attained age,no,18.59,2025-09-01,159.03,352.65,193.62,28,2026-07-15
PA,N,80,F non-tobacco,3,"Insurance Co of N Amer",167.85,attained age,no,,,159.03,352.65,193.62,28,2026-07-15
PA,N,80,F non-tobacco,4,"Humana Insurance Company",173.74,attained age,yes,9.52,2025-11-01,159.03,352.65,193.62,28,2026-07-15
PA,N,80,F non-tobacco,5,"MedMutual Protect",186.17,attained age,no,16.51,2024-07-01,159.03,352.65,193.62,28,2026-07-15
PA,N,80,M non-tobacco,1,"HealthSpring Ins Co",178.11,attained age,yes,18.99,2026-02-01,178.11,398.00,219.89,28,2026-07-15
PA,N,80,M non-tobacco,2,"Medico Life and Health Ins Co",189.37,attained age,no,18.59,2025-09-01,178.11,398.00,219.89,28,2026-07-15
PA,N,80,M non-tobacco,3,"Insurance Co of N Amer",189.65,attained age,no,,,178.11,398.00,219.89,28,2026-07-15
PA,N,80,M non-tobacco,4,"Humana Insurance Company",196.35,attained age,yes,9.52,2025-11-01,178.11,398.00,219.89,28,2026-07-15
PA,N,80,M non-tobacco,5,"MedMutual Protect",204.67,attained age,no,16.51,2024-07-01,178.11,398.00,219.89,28,2026-07-15
PA,F,65,F non-tobacco,1,"Humana Insurance Company",181.22,attained age,yes,19.52,2025-11-01,181.22,397.48,216.26,27,2026-07-15
PA,F,65,F non-tobacco,2,"HealthSpring Ins Co",181.48,attained age,yes,19.01,2026-02-01,181.22,397.48,216.26,27,2026-07-15
PA,F,65,F non-tobacco,3,"Nassau Life Insurance Company",193.68,attained age,no,7,2025-10-01,181.22,397.48,216.26,27,2026-07-15
PA,F,65,F non-tobacco,4,"Physicians Mutual (PSIC)",194.90,attained age,yes,9,2025-10-01,181.22,397.48,216.26,27,2026-07-15
PA,F,65,F non-tobacco,5,"Washington Natl Ins Co",203.70,attained age,no,2,2025-08-11,181.22,397.48,216.26,27,2026-07-15
PA,F,65,M non-tobacco,1,"HealthSpring Ins Co",203.25,attained age,yes,19.01,2026-02-01,203.25,457.12,253.87,27,2026-07-15
PA,F,65,M non-tobacco,2,"Humana Insurance Company",204.83,attained age,yes,19.52,2025-11-01,203.25,457.12,253.87,27,2026-07-15
PA,F,65,M non-tobacco,3,"Physicians Mutual (PSIC)",215.39,attained age,yes,9,2025-10-01,203.25,457.12,253.87,27,2026-07-15
PA,F,65,M non-tobacco,4,"Nassau Life Insurance Company",217.62,attained age,no,7,2025-10-01,203.25,457.12,253.87,27,2026-07-15
PA,F,65,M non-tobacco,5,"Washington Natl Ins Co",226.33,attained age,no,2,2025-08-11,203.25,457.12,253.87,27,2026-07-15
PA,F,67,F non-tobacco,1,"Humana Insurance Company",181.22,attained age,yes,19.52,2025-11-01,181.22,397.48,216.26,27,2026-07-15
PA,F,67,F non-tobacco,2,"HealthSpring Ins Co",181.48,attained age,yes,19.01,2026-02-01,181.22,397.48,216.26,27,2026-07-15
PA,F,67,F non-tobacco,3,"Physicians Mutual (PSIC)",194.90,attained age,yes,9,2025-10-01,181.22,397.48,216.26,27,2026-07-15
PA,F,67,F non-tobacco,4,"Nassau Life Insurance Company",195.95,attained age,no,7,2025-10-01,181.22,397.48,216.26,27,2026-07-15
PA,F,67,F non-tobacco,5,"MedMutual Protect",206.50,attained age,no,16.5,2024-07-01,181.22,397.48,216.26,27,2026-07-15
PA,F,67,M non-tobacco,1,"HealthSpring Ins Co",203.25,attained age,yes,19.01,2026-02-01,203.25,457.12,253.87,27,2026-07-15
PA,F,67,M non-tobacco,2,"Humana Insurance Company",204.83,attained age,yes,19.52,2025-11-01,203.25,457.12,253.87,27,2026-07-15
PA,F,67,M non-tobacco,3,"Physicians Mutual (PSIC)",215.39,attained age,yes,9,2025-10-01,203.25,457.12,253.87,27,2026-07-15
PA,F,67,M non-tobacco,4,"Nassau Life Insurance Company",220.17,attained age,no,7,2025-10-01,203.25,457.12,253.87,27,2026-07-15
PA,F,67,M non-tobacco,5,"MedMutual Protect",227.08,attained age,no,16.5,2024-07-01,203.25,457.12,253.87,27,2026-07-15
PA,F,70,F non-tobacco,1,"HealthSpring Ins Co",186.10,attained age,yes,19.01,2026-02-01,186.10,439.19,253.09,27,2026-07-15
PA,F,70,F non-tobacco,2,"Humana Insurance Company",192.34,attained age,yes,19.52,2025-11-01,186.10,439.19,253.09,27,2026-07-15
PA,F,70,F non-tobacco,3,"Physicians Mutual (PSIC)",207.96,attained age,yes,9,2025-10-01,186.10,439.19,253.09,27,2026-07-15
PA,F,70,F non-tobacco,4,"Nassau Life Insurance Company",214.97,attained age,no,7,2025-10-01,186.10,439.19,253.09,27,2026-07-15
PA,F,70,F non-tobacco,5,"LifeShield Natl Ins Co",218.57,attained age,no,16,2025-09-01,186.10,439.19,253.09,27,2026-07-15
PA,F,70,M non-tobacco,1,"HealthSpring Ins Co",208.43,attained age,yes,19.01,2026-02-01,208.43,505.09,296.66,27,2026-07-15
PA,F,70,M non-tobacco,2,"Humana Insurance Company",217.37,attained age,yes,19.52,2025-11-01,208.43,505.09,296.66,27,2026-07-15
PA,F,70,M non-tobacco,3,"Physicians Mutual (PSIC)",229.85,attained age,yes,9,2025-10-01,208.43,505.09,296.66,27,2026-07-15
PA,F,70,M non-tobacco,4,"Nassau Life Insurance Company",241.54,attained age,no,7,2025-10-01,208.43,505.09,296.66,27,2026-07-15
PA,F,70,M non-tobacco,5,"MedMutual Protect",248.17,attained age,no,16.5,2024-07-01,208.43,505.09,296.66,27,2026-07-15
PA,F,75,F non-tobacco,1,"HealthSpring Ins Co",213.82,attained age,yes,19.01,2026-02-01,213.82,525.63,311.81,27,2026-07-15
PA,F,75,F non-tobacco,2,"Humana Insurance Company",227.36,attained age,yes,19.52,2025-11-01,213.82,525.63,311.81,27,2026-07-15
PA,F,75,F non-tobacco,3,"Physicians Mutual (PSIC)",237.83,attained age,yes,9,2025-10-01,213.82,525.63,311.81,27,2026-07-15
PA,F,75,F non-tobacco,4,"Nassau Life Insurance Company",254.01,attained age,no,7,2025-10-01,213.82,525.63,311.81,27,2026-07-15
PA,F,75,F non-tobacco,5,"MedMutual Protect",260.75,attained age,no,16.5,2024-07-01,213.82,525.63,311.81,27,2026-07-15
PA,F,75,M non-tobacco,1,"HealthSpring Ins Co",239.48,attained age,yes,19.01,2026-02-01,239.48,604.49,365.01,27,2026-07-15
PA,F,75,M non-tobacco,2,"Humana Insurance Company",256.95,attained age,yes,19.52,2025-11-01,239.48,604.49,365.01,27,2026-07-15
PA,F,75,M non-tobacco,3,"Physicians Mutual (PSIC)",262.86,attained age,yes,9,2025-10-01,239.48,604.49,365.01,27,2026-07-15
PA,F,75,M non-tobacco,4,"Nassau Life Insurance Company",285.40,attained age,no,7,2025-10-01,239.48,604.49,365.01,27,2026-07-15
PA,F,75,M non-tobacco,5,"MedMutual Protect",286.92,attained age,no,16.5,2024-07-01,239.48,604.49,365.01,27,2026-07-15
PA,F,80,F non-tobacco,1,"HealthSpring Ins Co",260.54,attained age,yes,19.01,2026-02-01,260.54,606.33,345.79,27,2026-07-15
PA,F,80,F non-tobacco,2,"Physicians Mutual (PSIC)",271.72,attained age,yes,9,2025-10-01,260.54,606.33,345.79,27,2026-07-15
PA,F,80,F non-tobacco,3,"Humana Insurance Company",276.68,attained age,yes,19.52,2025-11-01,260.54,606.33,345.79,27,2026-07-15
PA,F,80,F non-tobacco,4,"MedMutual Protect",295.50,attained age,no,16.5,2024-07-01,260.54,606.33,345.79,27,2026-07-15
PA,F,80,F non-tobacco,5,"Nassau Life Insurance Company",298.93,attained age,no,7,2025-10-01,260.54,606.33,345.79,27,2026-07-15
PA,F,80,M non-tobacco,1,"HealthSpring Ins Co",291.80,attained age,yes,19.01,2026-02-01,291.80,697.32,405.52,27,2026-07-15
PA,F,80,M non-tobacco,2,"Physicians Mutual (PSIC)",300.34,attained age,yes,9,2025-10-01,291.80,697.32,405.52,27,2026-07-15
PA,F,80,M non-tobacco,3,"Humana Insurance Company",312.68,attained age,yes,19.52,2025-11-01,291.80,697.32,405.52,27,2026-07-15
PA,F,80,M non-tobacco,4,"MedMutual Protect",325.00,attained age,no,16.5,2024-07-01,291.80,697.32,405.52,27,2026-07-15
PA,F,80,M non-tobacco,5,"Nassau Life Insurance Company",335.87,attained age,no,7,2025-10-01,291.80,697.32,405.52,27,2026-07-15
NJ,G,65,F non-tobacco,1,"Washington Natl Ins Co",147.88,attained age,no,6.53,2025-08-04,147.88,260.98,113.10,18,2026-07-15
NJ,G,65,F non-tobacco,2,"Bankers Fidelity Assur Co",150.53,attained age,no,6.9,2026-02-01,147.88,260.98,113.10,18,2026-07-15
NJ,G,65,F non-tobacco,3,"AARP Medicare Supplement Insurance Plans, insured by United Healthcare Insurance Company of America",155.15,community rated,yes,7.05,2025-08-01,147.88,260.98,113.10,18,2026-07-15
NJ,G,65,F non-tobacco,4,"HealthSpring National Health Ins Co",157.80,attained age,no,6.9,2025-08-01,147.88,260.98,113.10,18,2026-07-15
NJ,G,65,F non-tobacco,5,"UnitedHealthcare Ins Co",168.85,community rated,yes,11.64,2025-08-01,147.88,260.98,113.10,18,2026-07-15
NJ,G,65,M non-tobacco,1,"Washington Natl Ins Co",164.31,attained age,no,6.53,2025-08-04,164.31,299.88,135.57,18,2026-07-15
NJ,G,65,M non-tobacco,2,"Bankers Fidelity Assur Co",172.82,attained age,no,6.9,2026-02-01,164.31,299.88,135.57,18,2026-07-15
NJ,G,65,M non-tobacco,3,"AARP Medicare Supplement Insurance Plans, insured by United Healthcare Insurance Company of America",175.46,community rated,yes,7.05,2025-08-01,164.31,299.88,135.57,18,2026-07-15
NJ,G,65,M non-tobacco,4,"HealthSpring National Health Ins Co",181.47,attained age,no,6.9,2025-08-01,164.31,299.88,135.57,18,2026-07-15
NJ,G,65,M non-tobacco,5,"Horizon Hlthcare Serv Inc",194.32,attained age,no,11.07,2026-01-01,164.31,299.88,135.57,18,2026-07-15
NJ,G,67,F non-tobacco,1,"Bankers Fidelity Assur Co",150.53,attained age,no,6.9,2026-02-01,150.53,266.89,116.36,18,2026-07-15
NJ,G,67,F non-tobacco,2,"AARP Medicare Supplement Insurance Plans, insured by United Healthcare Insurance Company of America",155.15,community rated,yes,7.05,2025-08-01,150.53,266.89,116.36,18,2026-07-15
NJ,G,67,F non-tobacco,3,"HealthSpring National Health Ins Co",157.80,attained age,no,6.9,2025-08-01,150.53,266.89,116.36,18,2026-07-15
NJ,G,67,F non-tobacco,4,"Washington Natl Ins Co",163.83,attained age,no,6.53,2025-08-04,150.53,266.89,116.36,18,2026-07-15
NJ,G,67,F non-tobacco,5,"Humana Insurance Company",169.68,attained age,yes,16.22,2025-08-01,150.53,266.89,116.36,18,2026-07-15
NJ,G,67,M non-tobacco,1,"Bankers Fidelity Assur Co",172.82,attained age,no,6.9,2026-02-01,172.82,306.88,134.06,18,2026-07-15
NJ,G,67,M non-tobacco,2,"AARP Medicare Supplement Insurance Plans, insured by United Healthcare Insurance Company of America",175.46,community rated,yes,7.05,2025-08-01,172.82,306.88,134.06,18,2026-07-15
NJ,G,67,M non-tobacco,3,"HealthSpring National Health Ins Co",181.47,attained age,no,6.9,2025-08-01,172.82,306.88,134.06,18,2026-07-15
NJ,G,67,M non-tobacco,4,"Washington Natl Ins Co",182.02,attained age,no,6.53,2025-08-04,172.82,306.88,134.06,18,2026-07-15
NJ,G,67,M non-tobacco,5,"Humana Insurance Company",195.17,attained age,yes,16.22,2025-08-01,172.82,306.88,134.06,18,2026-07-15
NJ,G,70,F non-tobacco,1,"Bankers Fidelity Assur Co",158.14,attained age,no,6.9,2026-02-01,158.14,294.00,135.86,18,2026-07-15
NJ,G,70,F non-tobacco,2,"HealthSpring National Health Ins Co",164.18,attained age,no,6.9,2025-08-01,158.14,294.00,135.86,18,2026-07-15
NJ,G,70,F non-tobacco,3,"AARP Medicare Supplement Insurance Plans, insured by United Healthcare Insurance Company of America",172.51,community rated,yes,7.05,2025-08-01,158.14,294.00,135.86,18,2026-07-15
NJ,G,70,F non-tobacco,4,"Humana Insurance Company",175.56,attained age,yes,16.22,2025-08-01,158.14,294.00,135.86,18,2026-07-15
NJ,G,70,F non-tobacco,5,"Insurance Co of N Amer",179.81,attained age,no,,,158.14,294.00,135.86,18,2026-07-15
NJ,G,70,M non-tobacco,1,"Bankers Fidelity Assur Co",181.56,attained age,no,6.9,2026-02-01,181.56,338.00,156.44,18,2026-07-15
NJ,G,70,M non-tobacco,2,"HealthSpring National Health Ins Co",188.81,attained age,no,6.9,2025-08-01,181.56,338.00,156.44,18,2026-07-15
NJ,G,70,M non-tobacco,3,"AARP Medicare Supplement Insurance Plans, insured by United Healthcare Insurance Company of America",195.04,community rated,yes,7.05,2025-08-01,181.56,338.00,156.44,18,2026-07-15
NJ,G,70,M non-tobacco,4,"Humana Insurance Company",201.92,attained age,yes,16.22,2025-08-01,181.56,338.00,156.44,18,2026-07-15
NJ,G,70,M non-tobacco,5,"Insurance Co of N Amer",203.22,attained age,no,,,181.56,338.00,156.44,18,2026-07-15
NJ,G,75,F non-tobacco,1,"Bankers Fidelity Assur Co",187.90,attained age,no,6.9,2026-02-01,187.90,351.00,163.10,18,2026-07-15
NJ,G,75,F non-tobacco,2,"Medico Ins Co",194.28,attained age,no,9,2026-05-01,187.90,351.00,163.10,18,2026-07-15
NJ,G,75,F non-tobacco,3,"HealthSpring National Health Ins Co",194.99,attained age,no,6.9,2025-08-01,187.90,351.00,163.10,18,2026-07-15
NJ,G,75,F non-tobacco,4,"AARP Medicare Supplement Insurance Plans, insured by United Healthcare Insurance Company of America",201.44,community rated,yes,7.05,2025-08-01,187.90,351.00,163.10,18,2026-07-15
NJ,G,75,F non-tobacco,5,"Humana Insurance Company",210.34,attained age,yes,16.22,2025-08-01,187.90,351.00,163.10,18,2026-07-15
NJ,G,75,M non-tobacco,1,"Bankers Fidelity Assur Co",215.73,attained age,no,6.9,2026-02-01,215.73,403.00,187.27,18,2026-07-15
NJ,G,75,M non-tobacco,2,"Medico Ins Co",223.42,attained age,no,9,2026-05-01,215.73,403.00,187.27,18,2026-07-15
NJ,G,75,M non-tobacco,3,"HealthSpring National Health Ins Co",224.24,attained age,no,6.9,2025-08-01,215.73,403.00,187.27,18,2026-07-15
NJ,G,75,M non-tobacco,4,"AARP Medicare Supplement Insurance Plans, insured by United Healthcare Insurance Company of America",227.67,community rated,yes,7.05,2025-08-01,215.73,403.00,187.27,18,2026-07-15
NJ,G,75,M non-tobacco,5,"Insurance Co of N Amer",241.23,attained age,no,,,215.73,403.00,187.27,18,2026-07-15
NJ,G,80,F non-tobacco,1,"Bankers Fidelity Assur Co",222.79,attained age,no,6.9,2026-02-01,222.79,418.00,195.21,18,2026-07-15
NJ,G,80,F non-tobacco,2,"Medico Ins Co",229.60,attained age,no,9,2026-05-01,222.79,418.00,195.21,18,2026-07-15
NJ,G,80,F non-tobacco,3,"AARP Medicare Supplement Insurance Plans, insured by United Healthcare Insurance Company of America",233.28,community rated,yes,7.05,2025-08-01,222.79,418.00,195.21,18,2026-07-15
NJ,G,80,F non-tobacco,4,"HealthSpring National Health Ins Co",237.24,attained age,no,6.9,2025-08-01,222.79,418.00,195.21,18,2026-07-15
NJ,G,80,F non-tobacco,5,"Humana Insurance Company",254.60,attained age,yes,16.22,2025-08-01,222.79,418.00,195.21,18,2026-07-15
NJ,G,80,M non-tobacco,1,"Bankers Fidelity Assur Co",255.79,attained age,no,6.9,2026-02-01,255.79,480.00,224.21,18,2026-07-15
NJ,G,80,M non-tobacco,2,"AARP Medicare Supplement Insurance Plans, insured by United Healthcare Insurance Company of America",263.57,community rated,yes,7.05,2025-08-01,255.79,480.00,224.21,18,2026-07-15
NJ,G,80,M non-tobacco,3,"Medico Ins Co",264.04,attained age,no,9,2026-05-01,255.79,480.00,224.21,18,2026-07-15
NJ,G,80,M non-tobacco,4,"HealthSpring National Health Ins Co",272.82,attained age,no,6.9,2025-08-01,255.79,480.00,224.21,18,2026-07-15
NJ,G,80,M non-tobacco,5,"Humana Insurance Company",292.81,attained age,yes,16.22,2025-08-01,255.79,480.00,224.21,18,2026-07-15
NJ,N,65,F non-tobacco,1,"AARP Medicare Supplement Insurance Plans, insured by United Healthcare Insurance Company of America",105.30,community rated,yes,7.11,2025-08-01,105.30,202.00,96.70,19,2026-07-15
NJ,N,65,F non-tobacco,2,"HealthSpring National Health Ins Co",106.57,attained age,no,6.9,2025-08-01,105.30,202.00,96.70,19,2026-07-15
NJ,N,65,F non-tobacco,3,"Washington Natl Ins Co",107.91,attained age,no,1.42,2025-08-04,105.30,202.00,96.70,19,2026-07-15
NJ,N,65,F non-tobacco,4,"Bankers Fidelity Assur Co",114.63,attained age,no,6.9,2026-02-01,105.30,202.00,96.70,19,2026-07-15
NJ,N,65,F non-tobacco,5,"Humana Insurance Company",114.66,attained age,yes,15.01,2026-02-01,105.30,202.00,96.70,19,2026-07-15
NJ,N,65,M non-tobacco,1,"AARP Medicare Supplement Insurance Plans, insured by United Healthcare Insurance Company of America",119.25,community rated,yes,7.11,2025-08-01,119.25,232.00,112.75,19,2026-07-15
NJ,N,65,M non-tobacco,2,"Washington Natl Ins Co",119.90,attained age,no,1.42,2025-08-04,119.25,232.00,112.75,19,2026-07-15
NJ,N,65,M non-tobacco,3,"Humana Insurance Company",121.63,attained age,yes,15.01,2026-02-01,119.25,232.00,112.75,19,2026-07-15
NJ,N,65,M non-tobacco,4,"HealthSpring National Health Ins Co",122.56,attained age,no,6.9,2025-08-01,119.25,232.00,112.75,19,2026-07-15
NJ,N,65,M non-tobacco,5,"Bankers Fidelity Assur Co",131.58,attained age,no,6.9,2026-02-01,119.25,232.00,112.75,19,2026-07-15
NJ,N,67,F non-tobacco,1,"AARP Medicare Supplement Insurance Plans, insured by United Healthcare Insurance Company of America",105.30,community rated,yes,7.11,2025-08-01,105.30,218.00,112.70,19,2026-07-15
NJ,N,67,F non-tobacco,2,"HealthSpring National Health Ins Co",109.24,attained age,no,6.9,2025-08-01,105.30,218.00,112.70,19,2026-07-15
NJ,N,67,F non-tobacco,3,"Bankers Fidelity Assur Co",114.63,attained age,no,6.9,2026-02-01,105.30,218.00,112.70,19,2026-07-15
NJ,N,67,F non-tobacco,4,"Washington Natl Ins Co",119.53,attained age,no,1.42,2025-08-04,105.30,218.00,112.70,19,2026-07-15
NJ,N,67,F non-tobacco,5,"Humana Insurance Company",121.11,attained age,yes,13.18,2025-08-01,105.30,218.00,112.70,19,2026-07-15
NJ,N,67,M non-tobacco,1,"AARP Medicare Supplement Insurance Plans, insured by United Healthcare Insurance Company of America",119.25,community rated,yes,7.11,2025-08-01,119.25,251.00,131.75,19,2026-07-15
NJ,N,67,M non-tobacco,2,"HealthSpring National Health Ins Co",125.62,attained age,no,6.9,2025-08-01,119.25,251.00,131.75,19,2026-07-15
NJ,N,67,M non-tobacco,3,"Humana Insurance Company",129.97,attained age,yes,15.01,2026-02-01,119.25,251.00,131.75,19,2026-07-15
NJ,N,67,M non-tobacco,4,"Bankers Fidelity Assur Co",131.58,attained age,no,6.9,2026-02-01,119.25,251.00,131.75,19,2026-07-15
NJ,N,67,M non-tobacco,5,"Washington Natl Ins Co",132.82,attained age,no,1.42,2025-08-04,119.25,251.00,131.75,19,2026-07-15
NJ,N,70,F non-tobacco,1,"AARP Medicare Supplement Insurance Plans, insured by United Healthcare Insurance Company of America",117.22,community rated,yes,7.11,2025-08-01,117.22,245.00,127.78,19,2026-07-15
NJ,N,70,F non-tobacco,2,"HealthSpring National Health Ins Co",117.64,attained age,no,6.9,2025-08-01,117.22,245.00,127.78,19,2026-07-15
NJ,N,70,F non-tobacco,3,"Bankers Fidelity Assur Co",120.43,attained age,no,6.9,2026-02-01,117.22,245.00,127.78,19,2026-07-15
NJ,N,70,F non-tobacco,4,"Insurance Co of N Amer",123.07,attained age,no,,,117.22,245.00,127.78,19,2026-07-15
NJ,N,70,F non-tobacco,5,"Humana Insurance Company",125.78,attained age,yes,13.18,2025-08-01,117.22,245.00,127.78,19,2026-07-15
NJ,N,70,M non-tobacco,1,"AARP Medicare Supplement Insurance Plans, insured by United Healthcare Insurance Company of America",132.70,community rated,yes,7.11,2025-08-01,132.70,281.00,148.30,19,2026-07-15
NJ,N,70,M non-tobacco,2,"HealthSpring National Health Ins Co",135.28,attained age,no,6.9,2025-08-01,132.70,281.00,148.30,19,2026-07-15
NJ,N,70,M non-tobacco,3,"Bankers Fidelity Assur Co",138.24,attained age,no,6.9,2026-02-01,132.70,281.00,148.30,19,2026-07-15
NJ,N,70,M non-tobacco,4,"Insurance Co of N Amer",139.05,attained age,no,,,132.70,281.00,148.30,19,2026-07-15
NJ,N,70,M non-tobacco,5,"Humana Insurance Company",143.55,attained age,yes,15.01,2026-02-01,132.70,281.00,148.30,19,2026-07-15
NJ,N,75,F non-tobacco,1,"Medico Ins Co",135.30,attained age,no,9,2026-05-01,135.30,294.00,158.70,19,2026-07-15
NJ,N,75,F non-tobacco,2,"AARP Medicare Supplement Insurance Plans, insured by United Healthcare Insurance Company of America",137.09,community rated,yes,7.11,2025-08-01,135.30,294.00,158.70,19,2026-07-15
NJ,N,75,F non-tobacco,3,"HealthSpring National Health Ins Co",139.72,attained age,no,6.9,2025-08-01,135.30,294.00,158.70,19,2026-07-15
NJ,N,75,F non-tobacco,4,"Bankers Fidelity Assur Co",143.10,attained age,no,6.9,2026-02-01,135.30,294.00,158.70,19,2026-07-15
NJ,N,75,F non-tobacco,5,"Insurance Co of N Amer",146.13,attained age,no,,,135.30,294.00,158.70,19,2026-07-15
NJ,N,75,M non-tobacco,1,"AARP Medicare Supplement Insurance Plans, insured by United Healthcare Insurance Company of America",155.11,community rated,yes,7.11,2025-08-01,155.11,338.00,182.89,19,2026-07-15
NJ,N,75,M non-tobacco,2,"Medico Ins Co",155.60,attained age,no,9,2026-05-01,155.11,338.00,182.89,19,2026-07-15
NJ,N,75,M non-tobacco,3,"HealthSpring National Health Ins Co",160.68,attained age,no,6.9,2025-08-01,155.11,338.00,182.89,19,2026-07-15
NJ,N,75,M non-tobacco,4,"Bankers Fidelity Assur Co",164.25,attained age,no,6.9,2026-02-01,155.11,338.00,182.89,19,2026-07-15
NJ,N,75,M non-tobacco,5,"Insurance Co of N Amer",165.08,attained age,no,,,155.11,338.00,182.89,19,2026-07-15
NJ,N,80,F non-tobacco,1,"AARP Medicare Supplement Insurance Plans, insured by United Healthcare Insurance Company of America",158.96,community rated,yes,7.11,2025-08-01,158.96,353.00,194.04,19,2026-07-15
NJ,N,80,F non-tobacco,2,"Medico Ins Co",159.90,attained age,no,9,2026-05-01,158.96,353.00,194.04,19,2026-07-15
NJ,N,80,F non-tobacco,3,"Bankers Fidelity Assur Co",169.67,attained age,no,6.9,2026-02-01,158.96,353.00,194.04,19,2026-07-15
NJ,N,80,F non-tobacco,4,"HealthSpring National Health Ins Co",169.99,attained age,no,6.9,2025-08-01,158.96,353.00,194.04,19,2026-07-15
NJ,N,80,F non-tobacco,5,"Insurance Co of N Amer",177.64,attained age,no,,,158.96,353.00,194.04,19,2026-07-15
NJ,N,80,M non-tobacco,1,"AARP Medicare Supplement Insurance Plans, insured by United Healthcare Insurance Company of America",179.76,community rated,yes,7.11,2025-08-01,179.76,406.00,226.24,19,2026-07-15
NJ,N,80,M non-tobacco,2,"Medico Ins Co",183.89,attained age,no,9,2026-05-01,179.76,406.00,226.24,19,2026-07-15
NJ,N,80,M non-tobacco,3,"Bankers Fidelity Assur Co",194.75,attained age,no,6.9,2026-02-01,179.76,406.00,226.24,19,2026-07-15
NJ,N,80,M non-tobacco,4,"HealthSpring National Health Ins Co",195.49,attained age,no,6.9,2025-08-01,179.76,406.00,226.24,19,2026-07-15
NJ,N,80,M non-tobacco,5,"Humana Insurance Company",199.91,attained age,yes,15.01,2026-02-01,179.76,406.00,226.24,19,2026-07-15
NJ,F,65,F non-tobacco,1,"Bankers Fidelity Assur Co",186.77,attained age,no,6.9,2026-02-01,186.77,316.00,129.23,19,2026-07-15
NJ,F,65,F non-tobacco,2,"Humana Insurance Company",200.16,attained age,yes,16.21,2025-08-01,186.77,316.00,129.23,19,2026-07-15
NJ,F,65,F non-tobacco,3,"UnitedHealthcare Ins Co",205.19,community rated,yes,11.58,2025-08-01,186.77,316.00,129.23,19,2026-07-15
NJ,F,65,F non-tobacco,4,"HealthSpring National Health Ins Co",208.16,attained age,no,6.9,2025-08-01,186.77,316.00,129.23,19,2026-07-15
NJ,F,65,F non-tobacco,5,"Horizon Hlthcare Serv Inc",208.57,attained age,no,17.63,2026-01-01,186.77,316.00,129.23,19,2026-07-15
NJ,F,65,M non-tobacco,1,"Bankers Fidelity Assur Co",214.48,attained age,no,6.9,2026-02-01,214.48,364.00,149.52,19,2026-07-15
NJ,F,65,M non-tobacco,2,"Horizon Hlthcare Serv Inc",225.05,attained age,no,17.63,2026-01-01,214.48,364.00,149.52,19,2026-07-15
NJ,F,65,M non-tobacco,3,"Humana Insurance Company",230.20,attained age,yes,16.21,2025-08-01,214.48,364.00,149.52,19,2026-07-15
NJ,F,65,M non-tobacco,4,"Washington Natl Ins Co",235.90,attained age,no,1.67,2025-08-04,214.48,364.00,149.52,19,2026-07-15
NJ,F,65,M non-tobacco,5,"UnitedHealthcare Ins Co",236.11,community rated,yes,11.58,2025-08-01,214.48,364.00,149.52,19,2026-07-15
NJ,F,67,F non-tobacco,1,"Bankers Fidelity Assur Co",186.77,attained age,no,6.9,2026-02-01,186.77,338.00,151.23,19,2026-07-15
NJ,F,67,F non-tobacco,2,"Humana Insurance Company",200.16,attained age,yes,16.21,2025-08-01,186.77,338.00,151.23,19,2026-07-15
NJ,F,67,F non-tobacco,3,"HealthSpring National Health Ins Co",208.16,attained age,no,6.9,2025-08-01,186.77,338.00,151.23,19,2026-07-15
NJ,F,67,F non-tobacco,4,"AARP Medicare Supplement Insurance Plans, insured by United Healthcare Insurance Company of America",211.93,community rated,yes,7,2025-08-01,186.77,338.00,151.23,19,2026-07-15
NJ,F,67,F non-tobacco,5,"LifeShield Natl Ins Co",215.28,attained age,no,9,2026-07-01,186.77,338.00,151.23,19,2026-07-15
NJ,F,67,M non-tobacco,1,"Bankers Fidelity Assur Co",214.48,attained age,no,6.9,2026-02-01,214.48,388.00,173.52,19,2026-07-15
NJ,F,67,M non-tobacco,2,"Humana Insurance Company",230.20,attained age,yes,16.21,2025-08-01,214.48,388.00,173.52,19,2026-07-15
NJ,F,67,M non-tobacco,3,"HealthSpring National Health Ins Co",239.39,attained age,no,6.9,2025-08-01,214.48,388.00,173.52,19,2026-07-15
NJ,F,67,M non-tobacco,4,"AARP Medicare Supplement Insurance Plans, insured by United Healthcare Insurance Company of America",239.51,community rated,yes,7,2025-08-01,214.48,388.00,173.52,19,2026-07-15
NJ,F,67,M non-tobacco,5,"Horizon Hlthcare Serv Inc",247.01,attained age,no,17.63,2026-01-01,214.48,388.00,173.52,19,2026-07-15
NJ,F,70,F non-tobacco,1,"Bankers Fidelity Assur Co",196.22,attained age,no,6.9,2026-02-01,196.22,373.00,176.78,19,2026-07-15
NJ,F,70,F non-tobacco,2,"Humana Insurance Company",207.92,attained age,yes,16.21,2025-08-01,196.22,373.00,176.78,19,2026-07-15
NJ,F,70,F non-tobacco,3,"HealthSpring National Health Ins Co",214.77,attained age,no,6.9,2025-08-01,196.22,373.00,176.78,19,2026-07-15
NJ,F,70,F non-tobacco,4,"LifeShield Natl Ins Co",224.49,attained age,no,9,2026-07-01,196.22,373.00,176.78,19,2026-07-15
NJ,F,70,F non-tobacco,5,"American Benefit Life Ins Co",230.06,attained age,no,13.9,2025-09-01,196.22,373.00,176.78,19,2026-07-15
NJ,F,70,M non-tobacco,1,"Bankers Fidelity Assur Co",225.34,attained age,no,6.9,2026-02-01,225.34,428.00,202.66,19,2026-07-15
NJ,F,70,M non-tobacco,2,"Humana Insurance Company",239.12,attained age,yes,16.21,2025-08-01,225.34,428.00,202.66,19,2026-07-15
NJ,F,70,M non-tobacco,3,"HealthSpring National Health Ins Co",246.98,attained age,no,6.9,2025-08-01,225.34,428.00,202.66,19,2026-07-15
NJ,F,70,M non-tobacco,4,"LifeShield Natl Ins Co",258.16,attained age,no,9,2026-07-01,225.34,428.00,202.66,19,2026-07-15
NJ,F,70,M non-tobacco,5,"American Benefit Life Ins Co",264.57,attained age,no,13.9,2025-09-01,225.34,428.00,202.66,19,2026-07-15
NJ,F,75,F non-tobacco,1,"Bankers Fidelity Assur Co",233.14,attained age,no,6.9,2026-02-01,233.14,438.00,204.86,19,2026-07-15
NJ,F,75,F non-tobacco,2,"Humana Insurance Company",245.23,attained age,yes,16.21,2025-08-01,233.14,438.00,204.86,19,2026-07-15
NJ,F,75,F non-tobacco,3,"HealthSpring National Health Ins Co",246.69,attained age,no,6.9,2025-08-01,233.14,438.00,204.86,19,2026-07-15
NJ,F,75,F non-tobacco,4,"Medico Ins Co",265.52,attained age,no,9,2026-05-01,233.14,438.00,204.86,19,2026-07-15
NJ,F,75,F non-tobacco,5,"LifeShield Natl Ins Co",269.31,attained age,no,9,2026-07-01,233.14,438.00,204.86,19,2026-07-15
NJ,F,75,M non-tobacco,1,"Bankers Fidelity Assur Co",267.74,attained age,no,6.9,2026-02-01,267.74,504.00,236.26,19,2026-07-15
NJ,F,75,M non-tobacco,2,"Humana Insurance Company",282.03,attained age,yes,16.21,2025-08-01,267.74,504.00,236.26,19,2026-07-15
NJ,F,75,M non-tobacco,3,"HealthSpring National Health Ins Co",283.69,attained age,no,6.9,2025-08-01,267.74,504.00,236.26,19,2026-07-15
NJ,F,75,M non-tobacco,4,"Medico Ins Co",305.34,attained age,no,9,2026-05-01,267.74,504.00,236.26,19,2026-07-15
NJ,F,75,M non-tobacco,5,"LifeShield Natl Ins Co",309.70,attained age,no,9,2026-07-01,267.74,504.00,236.26,19,2026-07-15
NJ,F,80,F non-tobacco,1,"Bankers Fidelity Assur Co",276.43,attained age,no,6.9,2026-02-01,276.43,516.00,239.57,19,2026-07-15
NJ,F,80,F non-tobacco,2,"HealthSpring National Health Ins Co",290.45,attained age,no,6.9,2025-08-01,276.43,516.00,239.57,19,2026-07-15
NJ,F,80,F non-tobacco,3,"Humana Insurance Company",293.76,attained age,yes,16.21,2025-08-01,276.43,516.00,239.57,19,2026-07-15
NJ,F,80,F non-tobacco,4,"Medico Ins Co",313.79,attained age,no,9,2026-05-01,276.43,516.00,239.57,19,2026-07-15
NJ,F,80,F non-tobacco,5,"AARP Medicare Supplement Insurance Plans, insured by United Healthcare Insurance Company of America",317.94,community rated,yes,7,2025-08-01,276.43,516.00,239.57,19,2026-07-15
NJ,F,80,M non-tobacco,1,"Bankers Fidelity Assur Co",317.46,attained age,no,6.9,2026-02-01,317.46,593.00,275.54,19,2026-07-15
NJ,F,80,M non-tobacco,2,"HealthSpring National Health Ins Co",334.02,attained age,no,6.9,2025-08-01,317.46,593.00,275.54,19,2026-07-15
NJ,F,80,M non-tobacco,3,"Humana Insurance Company",337.85,attained age,yes,16.21,2025-08-01,317.46,593.00,275.54,19,2026-07-15
NJ,F,80,M non-tobacco,4,"AARP Medicare Supplement Insurance Plans, insured by United Healthcare Insurance Company of America",359.05,community rated,yes,7,2025-08-01,317.46,593.00,275.54,19,2026-07-15
NJ,F,80,M non-tobacco,5,"Medico Ins Co",360.86,attained age,no,9,2026-05-01,317.46,593.00,275.54,19,2026-07-15
OH,G,65,F non-tobacco,1,"Physicians Mutual (PSIC)",117.08,attained age,yes,24.11,2025-10-01,117.08,342.84,225.76,32,2026-07-15
OH,G,65,F non-tobacco,2,"UnitedHealthcare Ins Co",118.17,community rated,no,14.07,2025-06-01,117.08,342.84,225.76,32,2026-07-15
OH,G,65,F non-tobacco,3,"Atlantic Capital Life Assur Co",135.52,attained age,no,11.99,2026-01-01,117.08,342.84,225.76,32,2026-07-15
OH,G,65,F non-tobacco,4,"Insurance Co of N Amer",141.86,attained age,no,,,117.08,342.84,225.76,32,2026-07-15
OH,G,65,F non-tobacco,5,"HealthSpring Ins Co",142.94,attained age,no,18,2026-04-01,117.08,342.84,225.76,32,2026-07-15
OH,G,65,M non-tobacco,1,"Physicians Mutual (PSIC)",129.40,attained age,yes,24.11,2025-10-01,129.40,384.07,254.67,32,2026-07-15
OH,G,65,M non-tobacco,2,"UnitedHealthcare Ins Co",133.42,community rated,no,14.07,2025-06-01,129.40,384.07,254.67,32,2026-07-15
OH,G,65,M non-tobacco,3,"Atlantic Capital Life Assur Co",155.56,attained age,no,11.99,2026-01-01,129.40,384.07,254.67,32,2026-07-15
OH,G,65,M non-tobacco,4,"Insurance Co of N Amer",160.32,attained age,no,,,129.40,384.07,254.67,32,2026-07-15
OH,G,65,M non-tobacco,5,"HealthSpring Ins Co",164.38,attained age,no,18,2026-04-01,129.40,384.07,254.67,32,2026-07-15
OH,G,67,F non-tobacco,1,"Physicians Mutual (PSIC)",117.08,attained age,yes,24.11,2025-10-01,117.08,346.22,229.14,32,2026-07-15
OH,G,67,F non-tobacco,2,"UnitedHealthcare Ins Co",118.17,community rated,no,14.07,2025-06-01,117.08,346.22,229.14,32,2026-07-15
OH,G,67,F non-tobacco,3,"Atlantic Capital Life Assur Co",135.52,attained age,no,11.99,2026-01-01,117.08,346.22,229.14,32,2026-07-15
OH,G,67,F non-tobacco,4,"Insurance Co of N Amer",141.86,attained age,no,,,117.08,346.22,229.14,32,2026-07-15
OH,G,67,F non-tobacco,5,"HealthSpring Ins Co",142.94,attained age,no,18,2026-04-01,117.08,346.22,229.14,32,2026-07-15
OH,G,67,M non-tobacco,1,"Physicians Mutual (PSIC)",129.40,attained age,yes,24.11,2025-10-01,129.40,387.93,258.53,32,2026-07-15
OH,G,67,M non-tobacco,2,"UnitedHealthcare Ins Co",133.42,community rated,no,14.07,2025-06-01,129.40,387.93,258.53,32,2026-07-15
OH,G,67,M non-tobacco,3,"Atlantic Capital Life Assur Co",155.56,attained age,no,11.99,2026-01-01,129.40,387.93,258.53,32,2026-07-15
OH,G,67,M non-tobacco,4,"Insurance Co of N Amer",160.32,attained age,no,,,129.40,387.93,258.53,32,2026-07-15
OH,G,67,M non-tobacco,5,"HealthSpring Ins Co",164.38,attained age,no,18,2026-04-01,129.40,387.93,258.53,32,2026-07-15
OH,G,70,F non-tobacco,1,"Physicians Mutual (PSIC)",124.91,attained age,yes,24.11,2025-10-01,124.91,364.54,239.63,32,2026-07-15
OH,G,70,F non-tobacco,2,"UnitedHealthcare Ins Co",129.99,community rated,no,14.07,2025-06-01,124.91,364.54,239.63,32,2026-07-15
OH,G,70,F non-tobacco,3,"Atlantic Capital Life Assur Co",142.38,attained age,no,11.99,2026-01-01,124.91,364.54,239.63,32,2026-07-15
OH,G,70,F non-tobacco,4,"Insurance Co of N Amer",146.19,attained age,no,,,124.91,364.54,239.63,32,2026-07-15
OH,G,70,F non-tobacco,5,"HealthSpring Ins Co",146.54,attained age,no,18,2026-04-01,124.91,364.54,239.63,32,2026-07-15
OH,G,70,M non-tobacco,1,"Physicians Mutual (PSIC)",138.08,attained age,yes,24.11,2025-10-01,138.08,412.19,274.11,32,2026-07-15
OH,G,70,M non-tobacco,2,"UnitedHealthcare Ins Co",146.74,community rated,no,14.07,2025-06-01,138.08,412.19,274.11,32,2026-07-15
OH,G,70,M non-tobacco,3,"Atlantic Capital Life Assur Co",163.43,attained age,no,11.99,2026-01-01,138.08,412.19,274.11,32,2026-07-15
OH,G,70,M non-tobacco,4,"Insurance Co of N Amer",165.18,attained age,no,,,138.08,412.19,274.11,32,2026-07-15
OH,G,70,M non-tobacco,5,"HealthSpring Ins Co",168.52,attained age,no,18,2026-04-01,138.08,412.19,274.11,32,2026-07-15
OH,G,75,F non-tobacco,1,"Physicians Mutual (PSIC)",142.86,attained age,yes,24.11,2025-10-01,142.86,433.25,290.39,32,2026-07-15
OH,G,75,F non-tobacco,2,"Medico Life and Health Ins Co",158.23,attained age,no,9,2026-02-01,142.86,433.25,290.39,32,2026-07-15
OH,G,75,F non-tobacco,3,"UnitedHealthcare Ins Co",159.54,community rated,no,14.07,2025-06-01,142.86,433.25,290.39,32,2026-07-15
OH,G,75,F non-tobacco,4,"Atlantic Capital Life Assur Co",169.17,attained age,no,11.99,2026-01-01,142.86,433.25,290.39,32,2026-07-15
OH,G,75,F non-tobacco,5,"Insurance Co of N Amer",174.46,attained age,no,,,142.86,433.25,290.39,32,2026-07-15
OH,G,75,M non-tobacco,1,"Physicians Mutual (PSIC)",157.88,attained age,yes,24.11,2025-10-01,157.88,493.40,335.52,32,2026-07-15
OH,G,75,M non-tobacco,2,"UnitedHealthcare Ins Co",180.04,community rated,no,14.07,2025-06-01,157.88,493.40,335.52,32,2026-07-15
OH,G,75,M non-tobacco,3,"Medico Life and Health Ins Co",181.96,attained age,no,9,2026-02-01,157.88,493.40,335.52,32,2026-07-15
OH,G,75,M non-tobacco,4,"Atlantic Capital Life Assur Co",194.19,attained age,no,11.99,2026-01-01,157.88,493.40,335.52,32,2026-07-15
OH,G,75,M non-tobacco,5,"Insurance Co of N Amer",197.16,attained age,no,,,157.88,493.40,335.52,32,2026-07-15
OH,G,80,F non-tobacco,1,"Physicians Mutual (PSIC)",163.21,attained age,yes,24.11,2025-10-01,163.21,541.99,378.78,32,2026-07-15
OH,G,80,F non-tobacco,2,"Medico Life and Health Ins Co",187.00,attained age,no,9,2026-02-01,163.21,541.99,378.78,32,2026-07-15
OH,G,80,F non-tobacco,3,"UnitedHealthcare Ins Co",189.09,community rated,no,14.07,2025-06-01,163.21,541.99,378.78,32,2026-07-15
OH,G,80,F non-tobacco,4,"Atlantic Capital Life Assur Co",199.58,attained age,no,11.99,2026-01-01,163.21,541.99,378.78,32,2026-07-15
OH,G,80,F non-tobacco,5,"Insurance Co of N Amer",212.26,attained age,no,,,163.21,541.99,378.78,32,2026-07-15
OH,G,80,M non-tobacco,1,"Physicians Mutual (PSIC)",180.41,attained age,yes,24.11,2025-10-01,180.41,607.08,426.67,32,2026-07-15
OH,G,80,M non-tobacco,2,"UnitedHealthcare Ins Co",213.34,community rated,no,14.07,2025-06-01,180.41,607.08,426.67,32,2026-07-15
OH,G,80,M non-tobacco,3,"Medico Life and Health Ins Co",215.04,attained age,no,9,2026-02-01,180.41,607.08,426.67,32,2026-07-15
OH,G,80,M non-tobacco,4,"Atlantic Capital Life Assur Co",229.10,attained age,no,11.99,2026-01-01,180.41,607.08,426.67,32,2026-07-15
OH,G,80,M non-tobacco,5,"Insurance Co of N Amer",239.82,attained age,no,,,180.41,607.08,426.67,32,2026-07-15
OH,N,65,F non-tobacco,1,"Atlantic Capital Life Assur Co",102.31,attained age,no,8.01,2026-01-01,102.31,277.27,174.96,31,2026-07-15
OH,N,65,F non-tobacco,2,"HealthSpring Ins Co",103.37,attained age,no,18.01,2026-04-01,102.31,277.27,174.96,31,2026-07-15
OH,N,65,F non-tobacco,3,"UnitedHealthcare Ins Co",104.29,community rated,no,11.16,2025-06-01,102.31,277.27,174.96,31,2026-07-15
OH,N,65,F non-tobacco,4,"Humana Insurance Company",106.71,attained age,yes,8.02,2026-04-01,102.31,277.27,174.96,31,2026-07-15
OH,N,65,F non-tobacco,5,"Insurance Co of N Amer",107.50,attained age,no,,,102.31,277.27,174.96,31,2026-07-15
OH,N,65,M non-tobacco,1,"Atlantic Capital Life Assur Co",117.41,attained age,no,8.01,2026-01-01,117.41,311.00,193.59,31,2026-07-15
OH,N,65,M non-tobacco,2,"UnitedHealthcare Ins Co",117.71,community rated,no,11.16,2025-06-01,117.41,311.00,193.59,31,2026-07-15
OH,N,65,M non-tobacco,3,"HealthSpring Ins Co",118.87,attained age,no,18.01,2026-04-01,117.41,311.00,193.59,31,2026-07-15
OH,N,65,M non-tobacco,4,"Insurance Co of N Amer",121.46,attained age,no,,,117.41,311.00,193.59,31,2026-07-15
OH,N,65,M non-tobacco,5,"Washington Natl Ins Co",122.35,attained age,no,5.96,2026-06-01,117.41,311.00,193.59,31,2026-07-15
OH,N,67,F non-tobacco,1,"Atlantic Capital Life Assur Co",102.31,attained age,no,8.01,2026-01-01,102.31,292.00,189.69,31,2026-07-15
OH,N,67,F non-tobacco,2,"UnitedHealthcare Ins Co",104.29,community rated,no,11.16,2025-06-01,102.31,292.00,189.69,31,2026-07-15
OH,N,67,F non-tobacco,3,"HealthSpring Ins Co",104.40,attained age,no,18.01,2026-04-01,102.31,292.00,189.69,31,2026-07-15
OH,N,67,F non-tobacco,4,"Humana Insurance Company",106.71,attained age,yes,8.02,2026-04-01,102.31,292.00,189.69,31,2026-07-15
OH,N,67,F non-tobacco,5,"Insurance Co of N Amer",107.50,attained age,no,,,102.31,292.00,189.69,31,2026-07-15
OH,N,67,M non-tobacco,1,"Atlantic Capital Life Assur Co",117.41,attained age,no,8.01,2026-01-01,117.41,335.00,217.59,31,2026-07-15
OH,N,67,M non-tobacco,2,"UnitedHealthcare Ins Co",117.71,community rated,no,11.16,2025-06-01,117.41,335.00,217.59,31,2026-07-15
OH,N,67,M non-tobacco,3,"HealthSpring Ins Co",120.06,attained age,no,18.01,2026-04-01,117.41,335.00,217.59,31,2026-07-15
OH,N,67,M non-tobacco,4,"Insurance Co of N Amer",121.46,attained age,no,,,117.41,335.00,217.59,31,2026-07-15
OH,N,67,M non-tobacco,5,"Humana Insurance Company",122.74,attained age,yes,8.02,2026-04-01,117.41,335.00,217.59,31,2026-07-15
OH,N,70,F non-tobacco,1,"Atlantic Capital Life Assur Co",107.49,attained age,no,8.01,2026-01-01,107.49,322.00,214.51,31,2026-07-15
OH,N,70,F non-tobacco,2,"Insurance Co of N Amer",110.15,attained age,no,,,107.49,322.00,214.51,31,2026-07-15
OH,N,70,F non-tobacco,3,"Humana Insurance Company",110.81,attained age,yes,8.02,2026-04-01,107.49,322.00,214.51,31,2026-07-15
OH,N,70,F non-tobacco,4,"HealthSpring Ins Co",112.98,attained age,no,18.01,2026-04-01,107.49,322.00,214.51,31,2026-07-15
OH,N,70,F non-tobacco,5,"UnitedHealthcare Ins Co",114.74,community rated,no,11.16,2025-06-01,107.49,322.00,214.51,31,2026-07-15
OH,N,70,M non-tobacco,1,"Atlantic Capital Life Assur Co",123.35,attained age,no,8.01,2026-01-01,123.35,371.00,247.65,31,2026-07-15
OH,N,70,M non-tobacco,2,"Insurance Co of N Amer",124.46,attained age,no,,,123.35,371.00,247.65,31,2026-07-15
OH,N,70,M non-tobacco,3,"Humana Insurance Company",127.47,attained age,yes,8.02,2026-04-01,123.35,371.00,247.65,31,2026-07-15
OH,N,70,M non-tobacco,4,"UnitedHealthcare Ins Co",129.48,community rated,no,11.16,2025-06-01,123.35,371.00,247.65,31,2026-07-15
OH,N,70,M non-tobacco,5,"HealthSpring Ins Co",129.92,attained age,no,18.01,2026-04-01,123.35,371.00,247.65,31,2026-07-15
OH,N,75,F non-tobacco,1,"Medico Life and Health Ins Co",122.86,attained age,no,9.01,2026-02-01,122.86,369.00,246.14,31,2026-07-15
OH,N,75,F non-tobacco,2,"Atlantic Capital Life Assur Co",127.72,attained age,no,8.01,2026-01-01,122.86,369.00,246.14,31,2026-07-15
OH,N,75,F non-tobacco,3,"Insurance Co of N Amer",130.82,attained age,no,,,122.86,369.00,246.14,31,2026-07-15
OH,N,75,F non-tobacco,4,"Humana Insurance Company",136.75,attained age,yes,8.02,2026-04-01,122.86,369.00,246.14,31,2026-07-15
OH,N,75,F non-tobacco,5,"HealthSpring Ins Co",137.45,attained age,no,18.01,2026-04-01,122.86,369.00,246.14,31,2026-07-15
OH,N,75,M non-tobacco,1,"Medico Life and Health Ins Co",141.29,attained age,no,9.01,2026-02-01,141.29,424.00,282.71,31,2026-07-15
OH,N,75,M non-tobacco,2,"Atlantic Capital Life Assur Co",146.56,attained age,no,8.01,2026-01-01,141.29,424.00,282.71,31,2026-07-15
OH,N,75,M non-tobacco,3,"Insurance Co of N Amer",147.87,attained age,no,,,141.29,424.00,282.71,31,2026-07-15
OH,N,75,M non-tobacco,4,"Humana Insurance Company",157.28,attained age,yes,8.02,2026-04-01,141.29,424.00,282.71,31,2026-07-15
OH,N,75,M non-tobacco,5,"HealthSpring Ins Co",158.07,attained age,no,18.01,2026-04-01,141.29,424.00,282.71,31,2026-07-15
OH,N,80,F non-tobacco,1,"Medico Life and Health Ins Co",145.20,attained age,no,9.01,2026-02-01,145.20,437.60,292.40,31,2026-07-15
OH,N,80,F non-tobacco,2,"Atlantic Capital Life Assur Co",150.68,attained age,no,8.01,2026-01-01,145.20,437.60,292.40,31,2026-07-15
OH,N,80,F non-tobacco,3,"Insurance Co of N Amer",158.47,attained age,no,,,145.20,437.60,292.40,31,2026-07-15
OH,N,80,F non-tobacco,4,"UnitedHealthcare Ins Co",167.02,community rated,no,11.16,2025-06-01,145.20,437.60,292.40,31,2026-07-15
OH,N,80,F non-tobacco,5,"HealthSpring Ins Co",167.23,attained age,no,18.01,2026-04-01,145.20,437.60,292.40,31,2026-07-15
OH,N,80,M non-tobacco,1,"Medico Life and Health Ins Co",166.98,attained age,no,9.01,2026-02-01,166.98,490.26,323.28,31,2026-07-15
OH,N,80,M non-tobacco,2,"Atlantic Capital Life Assur Co",172.91,attained age,no,8.01,2026-01-01,166.98,490.26,323.28,31,2026-07-15
OH,N,80,M non-tobacco,3,"Insurance Co of N Amer",179.05,attained age,no,,,166.98,490.26,323.28,31,2026-07-15
OH,N,80,M non-tobacco,4,"UnitedHealthcare Ins Co",188.36,community rated,no,11.16,2025-06-01,166.98,490.26,323.28,31,2026-07-15
OH,N,80,M non-tobacco,5,"HealthSpring Ins Co",192.32,attained age,no,18.01,2026-04-01,166.98,490.26,323.28,31,2026-07-15
OH,F,65,F non-tobacco,1,"Atlantic Capital Life Assur Co",167.81,attained age,no,12,2026-01-01,167.81,454.13,286.32,31,2026-07-15
OH,F,65,F non-tobacco,2,"Insurance Co of N Amer",171.01,attained age,no,,,167.81,454.13,286.32,31,2026-07-15
OH,F,65,F non-tobacco,3,"Physicians Mutual (PSIC)",174.06,attained age,yes,24.1,2025-10-01,167.81,454.13,286.32,31,2026-07-15
OH,F,65,F non-tobacco,4,"LifeShield Natl Ins Co",187.99,attained age,no,9,2026-07-01,167.81,454.13,286.32,31,2026-07-15
OH,F,65,F non-tobacco,5,"American Benefit Life Ins Co",197.83,attained age,no,19.9,2025-08-01,167.81,454.13,286.32,31,2026-07-15
OH,F,65,M non-tobacco,1,"Physicians Mutual (PSIC)",192.37,attained age,yes,24.1,2025-10-01,192.37,522.24,329.87,31,2026-07-15
OH,F,65,M non-tobacco,2,"Atlantic Capital Life Assur Co",192.68,attained age,no,12,2026-01-01,192.37,522.24,329.87,31,2026-07-15
OH,F,65,M non-tobacco,3,"Insurance Co of N Amer",193.27,attained age,no,,,192.37,522.24,329.87,31,2026-07-15
OH,F,65,M non-tobacco,4,"USAA Life Ins Co",201.79,attained age,no,13.01,2026-06-01,192.37,522.24,329.87,31,2026-07-15
OH,F,65,M non-tobacco,5,"LifeShield Natl Ins Co",216.19,attained age,no,9,2026-07-01,192.37,522.24,329.87,31,2026-07-15
OH,F,67,F non-tobacco,1,"Atlantic Capital Life Assur Co",167.81,attained age,no,12,2026-01-01,167.81,454.13,286.32,31,2026-07-15
OH,F,67,F non-tobacco,2,"Insurance Co of N Amer",171.01,attained age,no,,,167.81,454.13,286.32,31,2026-07-15
OH,F,67,F non-tobacco,3,"Physicians Mutual (PSIC)",174.06,attained age,yes,24.1,2025-10-01,167.81,454.13,286.32,31,2026-07-15
OH,F,67,F non-tobacco,4,"LifeShield Natl Ins Co",187.99,attained age,no,9,2026-07-01,167.81,454.13,286.32,31,2026-07-15
OH,F,67,F non-tobacco,5,"American Benefit Life Ins Co",197.83,attained age,no,19.9,2025-08-01,167.81,454.13,286.32,31,2026-07-15
OH,F,67,M non-tobacco,1,"Physicians Mutual (PSIC)",192.37,attained age,yes,24.1,2025-10-01,192.37,522.24,329.87,31,2026-07-15
OH,F,67,M non-tobacco,2,"Atlantic Capital Life Assur Co",192.68,attained age,no,12,2026-01-01,192.37,522.24,329.87,31,2026-07-15
OH,F,67,M non-tobacco,3,"Insurance Co of N Amer",193.27,attained age,no,,,192.37,522.24,329.87,31,2026-07-15
OH,F,67,M non-tobacco,4,"USAA Life Ins Co",209.61,attained age,no,13.01,2026-06-01,192.37,522.24,329.87,31,2026-07-15
OH,F,67,M non-tobacco,5,"LifeShield Natl Ins Co",216.19,attained age,no,9,2026-07-01,192.37,522.24,329.87,31,2026-07-15
OH,F,70,F non-tobacco,1,"Atlantic Capital Life Assur Co",176.30,attained age,no,12,2026-01-01,176.30,501.76,325.46,31,2026-07-15
OH,F,70,F non-tobacco,2,"Insurance Co of N Amer",176.93,attained age,no,,,176.30,501.76,325.46,31,2026-07-15
OH,F,70,F non-tobacco,3,"Physicians Mutual (PSIC)",185.71,attained age,yes,24.1,2025-10-01,176.30,501.76,325.46,31,2026-07-15
OH,F,70,F non-tobacco,4,"LifeShield Natl Ins Co",196.03,attained age,no,9,2026-07-01,176.30,501.76,325.46,31,2026-07-15
OH,F,70,F non-tobacco,5,"American Benefit Life Ins Co",206.29,attained age,no,19.9,2025-08-01,176.30,501.76,325.46,31,2026-07-15
OH,F,70,M non-tobacco,1,"Insurance Co of N Amer",199.90,attained age,no,,,199.90,576.97,377.07,31,2026-07-15
OH,F,70,M non-tobacco,2,"Atlantic Capital Life Assur Co",202.43,attained age,no,12,2026-01-01,199.90,576.97,377.07,31,2026-07-15
OH,F,70,M non-tobacco,3,"Physicians Mutual (PSIC)",205.28,attained age,yes,24.1,2025-10-01,199.90,576.97,377.07,31,2026-07-15
OH,F,70,M non-tobacco,4,"LifeShield Natl Ins Co",225.44,attained age,no,9,2026-07-01,199.90,576.97,377.07,31,2026-07-15
OH,F,70,M non-tobacco,5,"USAA Life Ins Co",234.94,attained age,no,13.01,2026-06-01,199.90,576.97,377.07,31,2026-07-15
OH,F,75,F non-tobacco,1,"Atlantic Capital Life Assur Co",209.47,attained age,no,12,2026-01-01,209.47,600.48,391.01,31,2026-07-15
OH,F,75,F non-tobacco,2,"Physicians Mutual (PSIC)",212.40,attained age,yes,24.1,2025-10-01,209.47,600.48,391.01,31,2026-07-15
OH,F,75,F non-tobacco,3,"Insurance Co of N Amer",214.21,attained age,no,,,209.47,600.48,391.01,31,2026-07-15
OH,F,75,F non-tobacco,4,"Medico Life and Health Ins Co",223.38,attained age,no,9,2026-02-01,209.47,600.48,391.01,31,2026-07-15
OH,F,75,F non-tobacco,5,"LifeShield Natl Ins Co",235.17,attained age,no,9,2026-07-01,209.47,600.48,391.01,31,2026-07-15
OH,F,75,M non-tobacco,1,"Physicians Mutual (PSIC)",234.77,attained age,yes,24.1,2025-10-01,234.77,690.57,455.80,31,2026-07-15
OH,F,75,M non-tobacco,2,"Atlantic Capital Life Assur Co",240.53,attained age,no,12,2026-01-01,234.77,690.57,455.80,31,2026-07-15
OH,F,75,M non-tobacco,3,"Insurance Co of N Amer",242.03,attained age,no,,,234.77,690.57,455.80,31,2026-07-15
OH,F,75,M non-tobacco,4,"Medico Life and Health Ins Co",256.89,attained age,no,9,2026-02-01,234.77,690.57,455.80,31,2026-07-15
OH,F,75,M non-tobacco,5,"LifeShield Natl Ins Co",270.44,attained age,no,9,2026-07-01,234.77,690.57,455.80,31,2026-07-15
OH,F,80,F non-tobacco,1,"Physicians Mutual (PSIC)",242.69,attained age,yes,24.1,2025-10-01,242.69,692.69,450.00,31,2026-07-15
OH,F,80,F non-tobacco,2,"Atlantic Capital Life Assur Co",247.13,attained age,no,12,2026-01-01,242.69,692.69,450.00,31,2026-07-15
OH,F,80,F non-tobacco,3,"Insurance Co of N Amer",259.26,attained age,no,,,242.69,692.69,450.00,31,2026-07-15
OH,F,80,F non-tobacco,4,"Medico Life and Health Ins Co",263.99,attained age,no,9,2026-02-01,242.69,692.69,450.00,31,2026-07-15
OH,F,80,F non-tobacco,5,"LifeShield Natl Ins Co",281.65,attained age,no,9,2026-07-01,242.69,692.69,450.00,31,2026-07-15
OH,F,80,M non-tobacco,1,"Physicians Mutual (PSIC)",268.24,attained age,yes,24.1,2025-10-01,268.24,796.60,528.36,31,2026-07-15
OH,F,80,M non-tobacco,2,"Atlantic Capital Life Assur Co",283.77,attained age,no,12,2026-01-01,268.24,796.60,528.36,31,2026-07-15
OH,F,80,M non-tobacco,3,"Insurance Co of N Amer",293.00,attained age,no,,,268.24,796.60,528.36,31,2026-07-15
OH,F,80,M non-tobacco,4,"Medico Life and Health Ins Co",303.59,attained age,no,9,2026-02-01,268.24,796.60,528.36,31,2026-07-15
OH,F,80,M non-tobacco,5,"LifeShield Natl Ins Co",323.90,attained age,no,9,2026-07-01,268.24,796.60,528.36,31,2026-07-15
NC,G,65,F non-tobacco,1,"Physicians Mutual (PSIC)",97.09,attained age,yes,14.99,2025-11-01,97.09,315.20,218.11,29,2026-07-15
NC,G,65,F non-tobacco,2,"Atlantic Capital Life Assur Co",101.84,attained age,no,4.9,2025-08-01,97.09,315.20,218.11,29,2026-07-15
NC,G,65,F non-tobacco,3,"Medico Ins Co",112.26,attained age,yes,4,2025-09-01,97.09,315.20,218.11,29,2026-07-15
NC,G,65,F non-tobacco,4,"MedMutual Protect",113.59,attained age,no,20,2025-11-01,97.09,315.20,218.11,29,2026-07-15
NC,G,65,F non-tobacco,5,"UnitedHealthcare Ins Co",116.80,community rated,yes,12.71,2026-06-01,97.09,315.20,218.11,29,2026-07-15
NC,G,65,M non-tobacco,1,"Physicians Mutual (PSIC)",107.28,attained age,yes,14.99,2025-11-01,107.28,353.03,245.75,29,2026-07-15
NC,G,65,M non-tobacco,2,"Atlantic Capital Life Assur Co",116.86,attained age,no,4.9,2025-08-01,107.28,353.03,245.75,29,2026-07-15
NC,G,65,M non-tobacco,3,"MedMutual Protect",124.95,attained age,no,20,2025-11-01,107.28,353.03,245.75,29,2026-07-15
NC,G,65,M non-tobacco,4,"Medico Ins Co",129.10,attained age,yes,4,2025-09-01,107.28,353.03,245.75,29,2026-07-15
NC,G,65,M non-tobacco,5,"UnitedHealthcare Ins Co",131.92,community rated,yes,12.71,2026-06-01,107.28,353.03,245.75,29,2026-07-15
NC,G,67,F non-tobacco,1,"Physicians Mutual (PSIC)",97.09,attained age,yes,14.99,2025-11-01,97.09,321.20,224.11,29,2026-07-15
NC,G,67,F non-tobacco,2,"Atlantic Capital Life Assur Co",101.84,attained age,no,4.9,2025-08-01,97.09,321.20,224.11,29,2026-07-15
NC,G,67,F non-tobacco,3,"Medico Ins Co",112.26,attained age,yes,4,2025-09-01,97.09,321.20,224.11,29,2026-07-15
NC,G,67,F non-tobacco,4,"MedMutual Protect",113.59,attained age,no,20,2025-11-01,97.09,321.20,224.11,29,2026-07-15
NC,G,67,F non-tobacco,5,"UnitedHealthcare Ins Co",116.80,community rated,yes,12.71,2026-06-01,97.09,321.20,224.11,29,2026-07-15
NC,G,67,M non-tobacco,1,"Physicians Mutual (PSIC)",107.28,attained age,yes,14.99,2025-11-01,107.28,359.75,252.47,29,2026-07-15
NC,G,67,M non-tobacco,2,"Atlantic Capital Life Assur Co",116.86,attained age,no,4.9,2025-08-01,107.28,359.75,252.47,29,2026-07-15
NC,G,67,M non-tobacco,3,"MedMutual Protect",124.95,attained age,no,20,2025-11-01,107.28,359.75,252.47,29,2026-07-15
NC,G,67,M non-tobacco,4,"Medico Ins Co",129.10,attained age,yes,4,2025-09-01,107.28,359.75,252.47,29,2026-07-15
NC,G,67,M non-tobacco,5,"UnitedHealthcare Ins Co",131.92,community rated,yes,12.71,2026-06-01,107.28,359.75,252.47,29,2026-07-15
NC,G,70,F non-tobacco,1,"Physicians Mutual (PSIC)",103.60,attained age,yes,14.99,2025-11-01,103.60,346.90,243.30,29,2026-07-15
NC,G,70,F non-tobacco,2,"Atlantic Capital Life Assur Co",106.99,attained age,no,4.9,2025-08-01,103.60,346.90,243.30,29,2026-07-15
NC,G,70,F non-tobacco,3,"Medico Ins Co",113.39,attained age,yes,4,2025-09-01,103.60,346.90,243.30,29,2026-07-15
NC,G,70,F non-tobacco,4,"MedMutual Protect",121.09,attained age,no,20,2025-11-01,103.60,346.90,243.30,29,2026-07-15
NC,G,70,F non-tobacco,5,"HealthSpring Ins Co",122.30,attained age,yes,15,2026-04-01,103.60,346.90,243.30,29,2026-07-15
NC,G,70,M non-tobacco,1,"Physicians Mutual (PSIC)",114.48,attained age,yes,14.99,2025-11-01,114.48,392.00,277.52,29,2026-07-15
NC,G,70,M non-tobacco,2,"Atlantic Capital Life Assur Co",122.77,attained age,no,4.9,2025-08-01,114.48,392.00,277.52,29,2026-07-15
NC,G,70,M non-tobacco,3,"Medico Ins Co",130.40,attained age,yes,4,2025-09-01,114.48,392.00,277.52,29,2026-07-15
NC,G,70,M non-tobacco,4,"MedMutual Protect",133.20,attained age,no,20,2025-11-01,114.48,392.00,277.52,29,2026-07-15
NC,G,70,M non-tobacco,5,"HealthSpring Ins Co",140.65,attained age,yes,15,2026-04-01,114.48,392.00,277.52,29,2026-07-15
NC,G,75,F non-tobacco,1,"Physicians Mutual (PSIC)",118.47,attained age,yes,14.99,2025-11-01,118.47,412.34,293.87,29,2026-07-15
NC,G,75,F non-tobacco,2,"Medico Ins Co",120.92,attained age,yes,4,2025-09-01,118.47,412.34,293.87,29,2026-07-15
NC,G,75,F non-tobacco,3,"Atlantic Capital Life Assur Co",127.12,attained age,no,4.9,2025-08-01,118.47,412.34,293.87,29,2026-07-15
NC,G,75,F non-tobacco,4,"MedMutual Protect",142.09,attained age,no,20,2025-11-01,118.47,412.34,293.87,29,2026-07-15
NC,G,75,F non-tobacco,5,"HealthSpring Ins Co",146.29,attained age,yes,15,2026-04-01,118.47,412.34,293.87,29,2026-07-15
NC,G,75,M non-tobacco,1,"Physicians Mutual (PSIC)",130.94,attained age,yes,14.99,2025-11-01,130.94,461.82,330.88,29,2026-07-15
NC,G,75,M non-tobacco,2,"Medico Ins Co",139.06,attained age,yes,4,2025-09-01,130.94,461.82,330.88,29,2026-07-15
NC,G,75,M non-tobacco,3,"Atlantic Capital Life Assur Co",145.88,attained age,no,4.9,2025-08-01,130.94,461.82,330.88,29,2026-07-15
NC,G,75,M non-tobacco,4,"MedMutual Protect",156.30,attained age,no,20,2025-11-01,130.94,461.82,330.88,29,2026-07-15
NC,G,75,M non-tobacco,5,"HealthSpring Ins Co",168.24,attained age,yes,15,2026-04-01,130.94,461.82,330.88,29,2026-07-15
NC,G,80,F non-tobacco,1,"Physicians Mutual (PSIC)",135.36,attained age,yes,14.99,2025-11-01,135.36,515.82,380.46,29,2026-07-15
NC,G,80,F non-tobacco,2,"Medico Ins Co",142.91,attained age,yes,4,2025-09-01,135.36,515.82,380.46,29,2026-07-15
NC,G,80,F non-tobacco,3,"Atlantic Capital Life Assur Co",150.73,attained age,no,4.9,2025-08-01,135.36,515.82,380.46,29,2026-07-15
NC,G,80,F non-tobacco,4,"MedMutual Protect",166.73,attained age,no,20,2025-11-01,135.36,515.82,380.46,29,2026-07-15
NC,G,80,F non-tobacco,5,"HealthSpring Ins Co",184.06,attained age,yes,15,2026-04-01,135.36,515.82,380.46,29,2026-07-15
NC,G,80,M non-tobacco,1,"Physicians Mutual (PSIC)",149.60,attained age,yes,14.99,2025-11-01,149.60,577.71,428.11,29,2026-07-15
NC,G,80,M non-tobacco,2,"Medico Ins Co",164.35,attained age,yes,4,2025-09-01,149.60,577.71,428.11,29,2026-07-15
NC,G,80,M non-tobacco,3,"Atlantic Capital Life Assur Co",172.97,attained age,no,4.9,2025-08-01,149.60,577.71,428.11,29,2026-07-15
NC,G,80,M non-tobacco,4,"MedMutual Protect",183.40,attained age,no,20,2025-11-01,149.60,577.71,428.11,29,2026-07-15
NC,G,80,M non-tobacco,5,"Insurance Co of N Amer",208.05,attained age,no,,,149.60,577.71,428.11,29,2026-07-15
NC,N,65,F non-tobacco,1,"Atlantic Capital Life Assur Co",78.54,attained age,no,4.9,2025-08-01,78.54,262.00,183.46,27,2026-07-15
NC,N,65,F non-tobacco,2,"Medico Ins Co",82.41,attained age,yes,3.99,2025-09-01,78.54,262.00,183.46,27,2026-07-15
NC,N,65,F non-tobacco,3,"MedMutual Protect",85.10,attained age,no,20.01,2025-11-01,78.54,262.00,183.46,27,2026-07-15
NC,N,65,F non-tobacco,4,"Humana Insurance Company",86.73,attained age,yes,8.03,2026-07-01,78.54,262.00,183.46,27,2026-07-15
NC,N,65,F non-tobacco,5,"Insurance Co of N Amer",87.11,attained age,no,,,78.54,262.00,183.46,27,2026-07-15
NC,N,65,M non-tobacco,1,"Atlantic Capital Life Assur Co",90.08,attained age,no,4.9,2025-08-01,90.08,301.00,210.92,27,2026-07-15
NC,N,65,M non-tobacco,2,"MedMutual Protect",93.61,attained age,no,20.01,2025-11-01,90.08,301.00,210.92,27,2026-07-15
NC,N,65,M non-tobacco,3,"Medico Ins Co",94.78,attained age,yes,3.99,2025-09-01,90.08,301.00,210.92,27,2026-07-15
NC,N,65,M non-tobacco,4,"Insurance Co of N Amer",98.46,attained age,no,,,90.08,301.00,210.92,27,2026-07-15
NC,N,65,M non-tobacco,5,"Humana Insurance Company",99.78,attained age,yes,8.03,2026-07-01,90.08,301.00,210.92,27,2026-07-15
NC,N,67,F non-tobacco,1,"Atlantic Capital Life Assur Co",78.54,attained age,no,4.9,2025-08-01,78.54,317.00,238.46,27,2026-07-15
NC,N,67,F non-tobacco,2,"Medico Ins Co",82.41,attained age,yes,3.99,2025-09-01,78.54,317.00,238.46,27,2026-07-15
NC,N,67,F non-tobacco,3,"MedMutual Protect",85.10,attained age,no,20.01,2025-11-01,78.54,317.00,238.46,27,2026-07-15
NC,N,67,F non-tobacco,4,"Humana Insurance Company",86.73,attained age,yes,8.03,2026-07-01,78.54,317.00,238.46,27,2026-07-15
NC,N,67,F non-tobacco,5,"Insurance Co of N Amer",87.11,attained age,no,,,78.54,317.00,238.46,27,2026-07-15
NC,N,67,M non-tobacco,1,"Atlantic Capital Life Assur Co",90.08,attained age,no,4.9,2025-08-01,90.08,334.00,243.92,27,2026-07-15
NC,N,67,M non-tobacco,2,"MedMutual Protect",93.61,attained age,no,20.01,2025-11-01,90.08,334.00,243.92,27,2026-07-15
NC,N,67,M non-tobacco,3,"Medico Ins Co",94.78,attained age,yes,3.99,2025-09-01,90.08,334.00,243.92,27,2026-07-15
NC,N,67,M non-tobacco,4,"Insurance Co of N Amer",98.46,attained age,no,,,90.08,334.00,243.92,27,2026-07-15
NC,N,67,M non-tobacco,5,"Humana Insurance Company",99.78,attained age,yes,8.03,2026-07-01,90.08,334.00,243.92,27,2026-07-15
NC,N,70,F non-tobacco,1,"Atlantic Capital Life Assur Co",82.51,attained age,no,4.9,2025-08-01,82.51,334.00,251.49,27,2026-07-15
NC,N,70,F non-tobacco,2,"Medico Ins Co",83.24,attained age,yes,3.99,2025-09-01,82.51,334.00,251.49,27,2026-07-15
NC,N,70,F non-tobacco,3,"Insurance Co of N Amer",88.91,attained age,no,,,82.51,334.00,251.49,27,2026-07-15
NC,N,70,F non-tobacco,4,"HealthSpring Ins Co",89.27,attained age,yes,13.01,2026-04-01,82.51,334.00,251.49,27,2026-07-15
NC,N,70,F non-tobacco,5,"Humana Insurance Company",90.07,attained age,yes,8.03,2026-07-01,82.51,334.00,251.49,27,2026-07-15
NC,N,70,M non-tobacco,1,"Atlantic Capital Life Assur Co",94.64,attained age,no,4.9,2025-08-01,94.64,418.00,323.36,27,2026-07-15
NC,N,70,M non-tobacco,2,"Medico Ins Co",95.73,attained age,yes,3.99,2025-09-01,94.64,418.00,323.36,27,2026-07-15
NC,N,70,M non-tobacco,3,"MedMutual Protect",99.80,attained age,no,20.01,2025-11-01,94.64,418.00,323.36,27,2026-07-15
NC,N,70,M non-tobacco,4,"Insurance Co of N Amer",100.50,attained age,no,,,94.64,418.00,323.36,27,2026-07-15
NC,N,70,M non-tobacco,5,"HealthSpring Ins Co",102.67,attained age,yes,13.01,2026-04-01,94.64,418.00,323.36,27,2026-07-15
NC,N,75,F non-tobacco,1,"Medico Ins Co",88.77,attained age,yes,3.99,2025-09-01,88.77,374.00,285.23,27,2026-07-15
NC,N,75,F non-tobacco,2,"Atlantic Capital Life Assur Co",98.04,attained age,no,4.9,2025-08-01,88.77,374.00,285.23,27,2026-07-15
NC,N,75,F non-tobacco,3,"Insurance Co of N Amer",105.51,attained age,no,,,88.77,374.00,285.23,27,2026-07-15
NC,N,75,F non-tobacco,4,"MedMutual Protect",106.46,attained age,no,20.01,2025-11-01,88.77,374.00,285.23,27,2026-07-15
NC,N,75,F non-tobacco,5,"HealthSpring Ins Co",106.79,attained age,yes,13.01,2026-04-01,88.77,374.00,285.23,27,2026-07-15
NC,N,75,M non-tobacco,1,"Medico Ins Co",102.09,attained age,yes,3.99,2025-09-01,102.09,467.00,364.91,27,2026-07-15
NC,N,75,M non-tobacco,2,"Atlantic Capital Life Assur Co",112.45,attained age,no,4.9,2025-08-01,102.09,467.00,364.91,27,2026-07-15
NC,N,75,M non-tobacco,3,"MedMutual Protect",117.10,attained age,no,20.01,2025-11-01,102.09,467.00,364.91,27,2026-07-15
NC,N,75,M non-tobacco,4,"Insurance Co of N Amer",119.22,attained age,no,,,102.09,467.00,364.91,27,2026-07-15
NC,N,75,M non-tobacco,5,"HealthSpring Ins Co",122.80,attained age,yes,13.01,2026-04-01,102.09,467.00,364.91,27,2026-07-15
NC,N,80,F non-tobacco,1,"Medico Ins Co",104.91,attained age,yes,3.99,2025-09-01,104.91,433.00,328.09,27,2026-07-15
NC,N,80,F non-tobacco,2,"Atlantic Capital Life Assur Co",116.24,attained age,no,4.9,2025-08-01,104.91,433.00,328.09,27,2026-07-15
NC,N,80,F non-tobacco,3,"MedMutual Protect",124.92,attained age,no,20.01,2025-11-01,104.91,433.00,328.09,27,2026-07-15
NC,N,80,F non-tobacco,4,"Insurance Co of N Amer",128.47,attained age,no,,,104.91,433.00,328.09,27,2026-07-15
NC,N,80,F non-tobacco,5,"HealthSpring Ins Co",134.35,attained age,yes,13.01,2026-04-01,104.91,433.00,328.09,27,2026-07-15
NC,N,80,M non-tobacco,1,"Medico Ins Co",120.65,attained age,yes,3.99,2025-09-01,120.65,457.00,336.35,27,2026-07-15
NC,N,80,M non-tobacco,2,"Atlantic Capital Life Assur Co",133.33,attained age,no,4.9,2025-08-01,120.65,457.00,336.35,27,2026-07-15
NC,N,80,M non-tobacco,3,"MedMutual Protect",137.41,attained age,no,20.01,2025-11-01,120.65,457.00,336.35,27,2026-07-15
NC,N,80,M non-tobacco,4,"Insurance Co of N Amer",145.15,attained age,no,,,120.65,457.00,336.35,27,2026-07-15
NC,N,80,M non-tobacco,5,"HealthSpring Ins Co",154.50,attained age,yes,13.01,2026-04-01,120.65,457.00,336.35,27,2026-07-15
NC,F,65,F non-tobacco,1,"Atlantic Capital Life Assur Co",122.24,attained age,no,4.9,2025-08-01,122.24,415.47,293.23,27,2026-07-15
NC,F,65,F non-tobacco,2,"MedMutual Protect",134.66,attained age,no,20,2025-11-01,122.24,415.47,293.23,27,2026-07-15
NC,F,65,F non-tobacco,3,"Insurance Co of N Amer",150.56,attained age,no,,,122.24,415.47,293.23,27,2026-07-15
NC,F,65,F non-tobacco,4,"Nassau Life Insurance Company",152.61,attained age,no,14,2025-11-01,122.24,415.47,293.23,27,2026-07-15
NC,F,65,F non-tobacco,5,"Medico Ins Co",158.49,attained age,yes,4,2025-09-01,122.24,415.47,293.23,27,2026-07-15
NC,F,65,M non-tobacco,1,"Atlantic Capital Life Assur Co",140.33,attained age,no,4.9,2025-08-01,140.33,477.79,337.46,27,2026-07-15
NC,F,65,M non-tobacco,2,"MedMutual Protect",148.13,attained age,no,20,2025-11-01,140.33,477.79,337.46,27,2026-07-15
NC,F,65,M non-tobacco,3,"Insurance Co of N Amer",170.14,attained age,no,,,140.33,477.79,337.46,27,2026-07-15
NC,F,65,M non-tobacco,4,"Nassau Life Insurance Company",175.42,attained age,no,14,2025-11-01,140.33,477.79,337.46,27,2026-07-15
NC,F,65,M non-tobacco,5,"Medico Ins Co",182.26,attained age,yes,4,2025-09-01,140.33,477.79,337.46,27,2026-07-15
NC,F,67,F non-tobacco,1,"Atlantic Capital Life Assur Co",122.24,attained age,no,4.9,2025-08-01,122.24,415.47,293.23,27,2026-07-15
NC,F,67,F non-tobacco,2,"MedMutual Protect",134.66,attained age,no,20,2025-11-01,122.24,415.47,293.23,27,2026-07-15
NC,F,67,F non-tobacco,3,"Insurance Co of N Amer",150.56,attained age,no,,,122.24,415.47,293.23,27,2026-07-15
NC,F,67,F non-tobacco,4,"Nassau Life Insurance Company",154.16,attained age,no,14,2025-11-01,122.24,415.47,293.23,27,2026-07-15
NC,F,67,F non-tobacco,5,"Medico Ins Co",158.49,attained age,yes,4,2025-09-01,122.24,415.47,293.23,27,2026-07-15
NC,F,67,M non-tobacco,1,"Atlantic Capital Life Assur Co",140.33,attained age,no,4.9,2025-08-01,140.33,477.79,337.46,27,2026-07-15
NC,F,67,M non-tobacco,2,"MedMutual Protect",148.13,attained age,no,20,2025-11-01,140.33,477.79,337.46,27,2026-07-15
NC,F,67,M non-tobacco,3,"Insurance Co of N Amer",170.14,attained age,no,,,140.33,477.79,337.46,27,2026-07-15
NC,F,67,M non-tobacco,4,"Nassau Life Insurance Company",177.19,attained age,no,14,2025-11-01,140.33,477.79,337.46,27,2026-07-15
NC,F,67,M non-tobacco,5,"Medico Ins Co",182.26,attained age,yes,4,2025-09-01,140.33,477.79,337.46,27,2026-07-15
NC,F,70,F non-tobacco,1,"Atlantic Capital Life Assur Co",128.42,attained age,no,4.9,2025-08-01,128.42,459.04,330.62,27,2026-07-15
NC,F,70,F non-tobacco,2,"MedMutual Protect",143.56,attained age,no,20,2025-11-01,128.42,459.04,330.62,27,2026-07-15
NC,F,70,F non-tobacco,3,"Insurance Co of N Amer",155.10,attained age,no,,,128.42,459.04,330.62,27,2026-07-15
NC,F,70,F non-tobacco,4,"Medico Ins Co",160.08,attained age,yes,4,2025-09-01,128.42,459.04,330.62,27,2026-07-15
NC,F,70,F non-tobacco,5,"Nassau Life Insurance Company",165.09,attained age,no,14,2025-11-01,128.42,459.04,330.62,27,2026-07-15
NC,F,70,M non-tobacco,1,"Atlantic Capital Life Assur Co",147.43,attained age,no,4.9,2025-08-01,147.43,527.89,380.46,27,2026-07-15
NC,F,70,M non-tobacco,2,"MedMutual Protect",157.91,attained age,no,20,2025-11-01,147.43,527.89,380.46,27,2026-07-15
NC,F,70,M non-tobacco,3,"Insurance Co of N Amer",175.23,attained age,no,,,147.43,527.89,380.46,27,2026-07-15
NC,F,70,M non-tobacco,4,"Medico Ins Co",184.09,attained age,yes,4,2025-09-01,147.43,527.89,380.46,27,2026-07-15
NC,F,70,M non-tobacco,5,"Nassau Life Insurance Company",189.76,attained age,no,14,2025-11-01,147.43,527.89,380.46,27,2026-07-15
NC,F,75,F non-tobacco,1,"Atlantic Capital Life Assur Co",152.59,attained age,no,4.9,2025-08-01,152.59,549.37,396.78,27,2026-07-15
NC,F,75,F non-tobacco,2,"MedMutual Protect",168.45,attained age,no,20,2025-11-01,152.59,549.37,396.78,27,2026-07-15
NC,F,75,F non-tobacco,3,"Medico Ins Co",170.72,attained age,yes,4,2025-09-01,152.59,549.37,396.78,27,2026-07-15
NC,F,75,F non-tobacco,4,"Insurance Co of N Amer",184.24,attained age,no,,,152.59,549.37,396.78,27,2026-07-15
NC,F,75,F non-tobacco,5,"Nassau Life Insurance Company",192.24,attained age,no,14,2025-11-01,152.59,549.37,396.78,27,2026-07-15
NC,F,75,M non-tobacco,1,"Atlantic Capital Life Assur Co",175.17,attained age,no,4.9,2025-08-01,175.17,631.78,456.61,27,2026-07-15
NC,F,75,M non-tobacco,2,"MedMutual Protect",185.29,attained age,no,20,2025-11-01,175.17,631.78,456.61,27,2026-07-15
NC,F,75,M non-tobacco,3,"Medico Ins Co",196.32,attained age,yes,4,2025-09-01,175.17,631.78,456.61,27,2026-07-15
NC,F,75,M non-tobacco,4,"Insurance Co of N Amer",208.21,attained age,no,,,175.17,631.78,456.61,27,2026-07-15
NC,F,75,M non-tobacco,5,"Nassau Life Insurance Company",220.97,attained age,no,14,2025-11-01,175.17,631.78,456.61,27,2026-07-15
NC,F,80,F non-tobacco,1,"Atlantic Capital Life Assur Co",180.93,attained age,no,4.9,2025-08-01,180.93,654.49,473.56,27,2026-07-15
NC,F,80,F non-tobacco,2,"MedMutual Protect",197.66,attained age,no,20,2025-11-01,180.93,654.49,473.56,27,2026-07-15
NC,F,80,F non-tobacco,3,"Medico Ins Co",201.75,attained age,yes,4,2025-09-01,180.93,654.49,473.56,27,2026-07-15
NC,F,80,F non-tobacco,4,"Insurance Co of N Amer",224.11,attained age,no,,,180.93,654.49,473.56,27,2026-07-15
NC,F,80,F non-tobacco,5,"Nassau Life Insurance Company",226.57,attained age,no,14,2025-11-01,180.93,654.49,473.56,27,2026-07-15
NC,F,80,M non-tobacco,1,"Atlantic Capital Life Assur Co",207.70,attained age,no,4.9,2025-08-01,207.70,733.03,525.33,27,2026-07-15
NC,F,80,M non-tobacco,2,"MedMutual Protect",217.43,attained age,no,20,2025-11-01,207.70,733.03,525.33,27,2026-07-15
NC,F,80,M non-tobacco,3,"Medico Ins Co",232.02,attained age,yes,4,2025-09-01,207.70,733.03,525.33,27,2026-07-15
NC,F,80,M non-tobacco,4,"Insurance Co of N Amer",253.25,attained age,no,,,207.70,733.03,525.33,27,2026-07-15
NC,F,80,M non-tobacco,5,"Physicians Mutual (PSIC)",255.03,attained age,yes,21.29,2025-11-01,207.70,733.03,525.33,27,2026-07-15
TX,G,65,F non-tobacco,1,"Atlantic Capital Life Assur Co",129.92,attained age,no,4.9,2025-08-01,129.92,284.86,154.94,24,2026-07-15
TX,G,65,F non-tobacco,2,"Members Hlth Ins Co",140.58,attained age,no,-7.68,2025-09-01,129.92,284.86,154.94,24,2026-07-15
TX,G,65,F non-tobacco,3,"Physicians Mutual (PSIC)",145.29,attained age,yes,17,2025-09-01,129.92,284.86,154.94,24,2026-07-15
TX,G,65,F non-tobacco,4,"UnitedHealthcare Ins Co",147.43,community rated,yes,25.66,2026-07-01,129.92,284.86,154.94,24,2026-07-15
TX,G,65,F non-tobacco,5,"HealthSpring Ins Co",158.56,attained age,yes,18.99,2026-05-01,129.92,284.86,154.94,24,2026-07-15
TX,G,65,M non-tobacco,1,"Atlantic Capital Life Assur Co",149.07,attained age,no,4.9,2025-08-01,149.07,322.91,173.84,24,2026-07-15
TX,G,65,M non-tobacco,2,"Members Hlth Ins Co",157.00,attained age,no,-7.68,2025-09-01,149.07,322.91,173.84,24,2026-07-15
TX,G,65,M non-tobacco,3,"Physicians Mutual (PSIC)",160.59,attained age,yes,17,2025-09-01,149.07,322.91,173.84,24,2026-07-15
TX,G,65,M non-tobacco,4,"UnitedHealthcare Ins Co",166.55,community rated,yes,25.66,2026-07-01,149.07,322.91,173.84,24,2026-07-15
TX,G,65,M non-tobacco,5,"HealthSpring Ins Co",182.34,attained age,yes,18.99,2026-05-01,149.07,322.91,173.84,24,2026-07-15
TX,G,67,F non-tobacco,1,"Atlantic Capital Life Assur Co",129.92,attained age,no,4.9,2025-08-01,129.92,287.71,157.79,24,2026-07-15
TX,G,67,F non-tobacco,2,"Members Hlth Ins Co",140.58,attained age,no,-7.68,2025-09-01,129.92,287.71,157.79,24,2026-07-15
TX,G,67,F non-tobacco,3,"Physicians Mutual (PSIC)",145.29,attained age,yes,17,2025-09-01,129.92,287.71,157.79,24,2026-07-15
TX,G,67,F non-tobacco,4,"UnitedHealthcare Ins Co",147.43,community rated,yes,25.66,2026-07-01,129.92,287.71,157.79,24,2026-07-15
TX,G,67,F non-tobacco,5,"HealthSpring Ins Co",158.56,attained age,yes,18.99,2026-05-01,129.92,287.71,157.79,24,2026-07-15
TX,G,67,M non-tobacco,1,"Atlantic Capital Life Assur Co",149.07,attained age,no,4.9,2025-08-01,149.07,322.91,173.84,24,2026-07-15
TX,G,67,M non-tobacco,2,"Members Hlth Ins Co",157.00,attained age,no,-7.68,2025-09-01,149.07,322.91,173.84,24,2026-07-15
TX,G,67,M non-tobacco,3,"Physicians Mutual (PSIC)",160.59,attained age,yes,17,2025-09-01,149.07,322.91,173.84,24,2026-07-15
TX,G,67,M non-tobacco,4,"UnitedHealthcare Ins Co",166.55,community rated,yes,25.66,2026-07-01,149.07,322.91,173.84,24,2026-07-15
TX,G,67,M non-tobacco,5,"HealthSpring Ins Co",182.34,attained age,yes,18.99,2026-05-01,149.07,322.91,173.84,24,2026-07-15
TX,G,70,F non-tobacco,1,"Atlantic Capital Life Assur Co",136.49,attained age,no,4.9,2025-08-01,136.49,305.26,168.77,24,2026-07-15
TX,G,70,F non-tobacco,2,"Members Hlth Ins Co",154.94,attained age,no,-7.68,2025-09-01,136.49,305.26,168.77,24,2026-07-15
TX,G,70,F non-tobacco,3,"Physicians Mutual (PSIC)",155.03,attained age,yes,17,2025-09-01,136.49,305.26,168.77,24,2026-07-15
TX,G,70,F non-tobacco,4,"HealthSpring Ins Co",163.32,attained age,yes,18.99,2026-05-01,136.49,305.26,168.77,24,2026-07-15
TX,G,70,F non-tobacco,5,"UnitedHealthcare Ins Co",165.01,community rated,yes,25.66,2026-07-01,136.49,305.26,168.77,24,2026-07-15
TX,G,70,M non-tobacco,1,"Atlantic Capital Life Assur Co",156.62,attained age,no,4.9,2025-08-01,156.62,351.03,194.41,24,2026-07-15
TX,G,70,M non-tobacco,2,"Physicians Mutual (PSIC)",171.35,attained age,yes,17,2025-09-01,156.62,351.03,194.41,24,2026-07-15
TX,G,70,M non-tobacco,3,"Members Hlth Ins Co",172.87,attained age,no,-7.68,2025-09-01,156.62,351.03,194.41,24,2026-07-15
TX,G,70,M non-tobacco,4,"UnitedHealthcare Ins Co",186.38,community rated,yes,25.66,2026-07-01,156.62,351.03,194.41,24,2026-07-15
TX,G,70,M non-tobacco,5,"HealthSpring Ins Co",187.82,attained age,yes,18.99,2026-05-01,156.62,351.03,194.41,24,2026-07-15
TX,G,75,F non-tobacco,1,"Atlantic Capital Life Assur Co",162.18,attained age,no,4.9,2025-08-01,162.18,365.34,203.16,24,2026-07-15
TX,G,75,F non-tobacco,2,"Physicians Mutual (PSIC)",177.26,attained age,yes,17,2025-09-01,162.18,365.34,203.16,24,2026-07-15
TX,G,75,F non-tobacco,3,"Medico Life and Health Ins Co",188.74,attained age,no,24.28,2026-02-01,162.18,365.34,203.16,24,2026-07-15
TX,G,75,F non-tobacco,4,"HealthSpring Ins Co",196.80,attained age,yes,18.99,2026-05-01,162.18,365.34,203.16,24,2026-07-15
TX,G,75,F non-tobacco,5,"Members Hlth Ins Co",196.88,attained age,no,-7.68,2025-09-01,162.18,365.34,203.16,24,2026-07-15
TX,G,75,M non-tobacco,1,"Atlantic Capital Life Assur Co",186.09,attained age,no,4.9,2025-08-01,186.09,420.15,234.06,24,2026-07-15
TX,G,75,M non-tobacco,2,"Physicians Mutual (PSIC)",195.94,attained age,yes,17,2025-09-01,186.09,420.15,234.06,24,2026-07-15
TX,G,75,M non-tobacco,3,"Medico Life and Health Ins Co",217.05,attained age,no,24.28,2026-02-01,186.09,420.15,234.06,24,2026-07-15
TX,G,75,M non-tobacco,4,"Members Hlth Ins Co",219.23,attained age,no,-7.68,2025-09-01,186.09,420.15,234.06,24,2026-07-15
TX,G,75,M non-tobacco,5,"Insurance Co of N Amer",224.25,attained age,no,-0.03,2025-09-01,186.09,420.15,234.06,24,2026-07-15
TX,G,80,F non-tobacco,1,"Atlantic Capital Life Assur Co",192.29,attained age,no,4.9,2025-08-01,192.29,450.31,258.02,24,2026-07-15
TX,G,80,F non-tobacco,2,"Physicians Mutual (PSIC)",202.53,attained age,yes,17,2025-09-01,192.29,450.31,258.02,24,2026-07-15
TX,G,80,F non-tobacco,3,"Medico Life and Health Ins Co",223.06,attained age,no,24.28,2026-02-01,192.29,450.31,258.02,24,2026-07-15
TX,G,80,F non-tobacco,4,"HealthSpring Ins Co",239.43,attained age,yes,18.99,2026-05-01,192.29,450.31,258.02,24,2026-07-15
TX,G,80,F non-tobacco,5,"Insurance Co of N Amer",241.33,attained age,no,-0.03,2025-09-01,192.29,450.31,258.02,24,2026-07-15
TX,G,80,M non-tobacco,1,"Atlantic Capital Life Assur Co",220.65,attained age,no,4.9,2025-08-01,220.65,504.34,283.69,24,2026-07-15
TX,G,80,M non-tobacco,2,"Physicians Mutual (PSIC)",223.85,attained age,yes,17,2025-09-01,220.65,504.34,283.69,24,2026-07-15
TX,G,80,M non-tobacco,3,"Medico Life and Health Ins Co",256.52,attained age,no,24.28,2026-02-01,220.65,504.34,283.69,24,2026-07-15
TX,G,80,M non-tobacco,4,"Insurance Co of N Amer",272.75,attained age,no,-0.03,2025-09-01,220.65,504.34,283.69,24,2026-07-15
TX,G,80,M non-tobacco,5,"HealthSpring Ins Co",275.34,attained age,yes,18.99,2026-05-01,220.65,504.34,283.69,24,2026-07-15
TX,N,65,F non-tobacco,1,"Atlantic Capital Life Assur Co",99.14,attained age,no,4.89,2025-08-01,99.14,243.00,143.86,23,2026-07-15
TX,N,65,F non-tobacco,2,"Members Hlth Ins Co",106.36,attained age,no,-7.67,2025-09-01,99.14,243.00,143.86,23,2026-07-15
TX,N,65,F non-tobacco,3,"HealthSpring Ins Co",106.86,attained age,yes,10.24,2026-05-01,99.14,243.00,143.86,23,2026-07-15
TX,N,65,F non-tobacco,4,"Insurance Co of N Amer",109.83,attained age,no,0,2025-09-01,99.14,243.00,143.86,23,2026-07-15
TX,N,65,F non-tobacco,5,"Washington Natl Ins Co",114.53,attained age,no,0,2026-06-19,99.14,243.00,143.86,23,2026-07-15
TX,N,65,M non-tobacco,1,"Atlantic Capital Life Assur Co",113.69,attained age,no,4.89,2025-08-01,113.69,279.00,165.31,23,2026-07-15
TX,N,65,M non-tobacco,2,"Members Hlth Ins Co",119.04,attained age,no,-7.67,2025-09-01,113.69,279.00,165.31,23,2026-07-15
TX,N,65,M non-tobacco,3,"HealthSpring Ins Co",122.89,attained age,yes,10.24,2026-05-01,113.69,279.00,165.31,23,2026-07-15
TX,N,65,M non-tobacco,4,"Insurance Co of N Amer",124.00,attained age,no,0,2025-09-01,113.69,279.00,165.31,23,2026-07-15
TX,N,65,M non-tobacco,5,"Washington Natl Ins Co",127.14,attained age,no,0,2026-06-19,113.69,279.00,165.31,23,2026-07-15
TX,N,67,F non-tobacco,1,"Atlantic Capital Life Assur Co",99.14,attained age,no,4.89,2025-08-01,99.14,269.00,169.86,23,2026-07-15
TX,N,67,F non-tobacco,2,"Members Hlth Ins Co",106.36,attained age,no,-7.67,2025-09-01,99.14,269.00,169.86,23,2026-07-15
TX,N,67,F non-tobacco,3,"HealthSpring Ins Co",107.40,attained age,yes,10.24,2026-05-01,99.14,269.00,169.86,23,2026-07-15
TX,N,67,F non-tobacco,4,"Insurance Co of N Amer",109.83,attained age,no,0,2025-09-01,99.14,269.00,169.86,23,2026-07-15
TX,N,67,F non-tobacco,5,"UnitedHealthcare Ins Co",115.55,community rated,yes,22.89,2026-07-01,99.14,269.00,169.86,23,2026-07-15
TX,N,67,M non-tobacco,1,"Atlantic Capital Life Assur Co",113.69,attained age,no,4.89,2025-08-01,113.69,309.00,195.31,23,2026-07-15
TX,N,67,M non-tobacco,2,"Members Hlth Ins Co",119.04,attained age,no,-7.67,2025-09-01,113.69,309.00,195.31,23,2026-07-15
TX,N,67,M non-tobacco,3,"HealthSpring Ins Co",123.51,attained age,yes,10.24,2026-05-01,113.69,309.00,195.31,23,2026-07-15
TX,N,67,M non-tobacco,4,"Insurance Co of N Amer",124.00,attained age,no,0,2025-09-01,113.69,309.00,195.31,23,2026-07-15
TX,N,67,M non-tobacco,5,"UnitedHealthcare Ins Co",130.46,community rated,yes,22.89,2026-07-01,113.69,309.00,195.31,23,2026-07-15
TX,N,70,F non-tobacco,1,"Atlantic Capital Life Assur Co",104.15,attained age,no,4.89,2025-08-01,104.15,310.00,205.85,23,2026-07-15
TX,N,70,F non-tobacco,2,"Insurance Co of N Amer",111.67,attained age,no,0,2025-09-01,104.15,310.00,205.85,23,2026-07-15
TX,N,70,F non-tobacco,3,"HealthSpring Ins Co",116.22,attained age,yes,10.24,2026-05-01,104.15,310.00,205.85,23,2026-07-15
TX,N,70,F non-tobacco,4,"Members Hlth Ins Co",117.44,attained age,no,-7.67,2025-09-01,104.15,310.00,205.85,23,2026-07-15
TX,N,70,F non-tobacco,5,"Nassau Life Insurance Company",127.52,attained age,no,7.31,2025-10-01,104.15,310.00,205.85,23,2026-07-15
TX,N,70,M non-tobacco,1,"Atlantic Capital Life Assur Co",119.45,attained age,no,4.89,2025-08-01,119.45,356.00,236.55,23,2026-07-15
TX,N,70,M non-tobacco,2,"Insurance Co of N Amer",126.17,attained age,no,0,2025-09-01,119.45,356.00,236.55,23,2026-07-15
TX,N,70,M non-tobacco,3,"Members Hlth Ins Co",131.28,attained age,no,-7.67,2025-09-01,119.45,356.00,236.55,23,2026-07-15
TX,N,70,M non-tobacco,4,"HealthSpring Ins Co",133.65,attained age,yes,10.24,2026-05-01,119.45,356.00,236.55,23,2026-07-15
TX,N,70,M non-tobacco,5,"UnitedHealthcare Ins Co",146.05,community rated,yes,22.89,2026-07-01,119.45,356.00,236.55,23,2026-07-15
TX,N,75,F non-tobacco,1,"Atlantic Capital Life Assur Co",123.75,attained age,no,4.89,2025-08-01,123.75,363.00,239.25,23,2026-07-15
TX,N,75,F non-tobacco,2,"Insurance Co of N Amer",132.50,attained age,no,0,2025-09-01,123.75,363.00,239.25,23,2026-07-15
TX,N,75,F non-tobacco,3,"HealthSpring Ins Co",137.37,attained age,yes,10.24,2026-05-01,123.75,363.00,239.25,23,2026-07-15
TX,N,75,F non-tobacco,4,"Medico Life and Health Ins Co",138.56,attained age,no,24.29,2026-02-01,123.75,363.00,239.25,23,2026-07-15
TX,N,75,F non-tobacco,5,"Members Hlth Ins Co",149.81,attained age,no,-7.67,2025-09-01,123.75,363.00,239.25,23,2026-07-15
TX,N,75,M non-tobacco,1,"Atlantic Capital Life Assur Co",141.93,attained age,no,4.89,2025-08-01,141.93,417.00,275.07,23,2026-07-15
TX,N,75,M non-tobacco,2,"Insurance Co of N Amer",149.67,attained age,no,0,2025-09-01,141.93,417.00,275.07,23,2026-07-15
TX,N,75,M non-tobacco,3,"HealthSpring Ins Co",157.97,attained age,yes,10.24,2026-05-01,141.93,417.00,275.07,23,2026-07-15
TX,N,75,M non-tobacco,4,"Medico Life and Health Ins Co",159.34,attained age,no,24.29,2026-02-01,141.93,417.00,275.07,23,2026-07-15
TX,N,75,M non-tobacco,5,"Members Hlth Ins Co",167.05,attained age,no,-7.67,2025-09-01,141.93,417.00,275.07,23,2026-07-15
TX,N,80,F non-tobacco,1,"Atlantic Capital Life Assur Co",146.73,attained age,no,4.89,2025-08-01,146.73,413.00,266.27,23,2026-07-15
TX,N,80,F non-tobacco,2,"Insurance Co of N Amer",160.92,attained age,no,0,2025-09-01,146.73,413.00,266.27,23,2026-07-15
TX,N,80,F non-tobacco,3,"Medico Life and Health Ins Co",163.75,attained age,no,24.29,2026-02-01,146.73,413.00,266.27,23,2026-07-15
TX,N,80,F non-tobacco,4,"HealthSpring Ins Co",167.12,attained age,yes,10.24,2026-05-01,146.73,413.00,266.27,23,2026-07-15
TX,N,80,F non-tobacco,5,"Nassau Life Insurance Company",186.99,attained age,no,7.31,2025-10-01,146.73,413.00,266.27,23,2026-07-15
TX,N,80,M non-tobacco,1,"Atlantic Capital Life Assur Co",168.28,attained age,no,4.89,2025-08-01,168.28,474.00,305.72,23,2026-07-15
TX,N,80,M non-tobacco,2,"Insurance Co of N Amer",181.92,attained age,no,0,2025-09-01,168.28,474.00,305.72,23,2026-07-15
TX,N,80,M non-tobacco,3,"Medico Life and Health Ins Co",188.31,attained age,no,24.29,2026-02-01,168.28,474.00,305.72,23,2026-07-15
TX,N,80,M non-tobacco,4,"HealthSpring Ins Co",192.18,attained age,yes,10.24,2026-05-01,168.28,474.00,305.72,23,2026-07-15
TX,N,80,M non-tobacco,5,"Members Hlth Ins Co",211.63,attained age,no,-7.67,2025-09-01,168.28,474.00,305.72,23,2026-07-15
TX,F,65,F non-tobacco,1,"Atlantic Capital Life Assur Co",155.31,attained age,no,4.9,2025-08-01,155.31,420.08,264.77,24,2026-07-15
TX,F,65,F non-tobacco,2,"New Era Life Ins Co",169.94,attained age,no,2.86,2025-11-01,155.31,420.08,264.77,24,2026-07-15
TX,F,65,F non-tobacco,3,"Nassau Life Insurance Company",188.96,attained age,no,8.9,2025-10-01,155.31,420.08,264.77,24,2026-07-15
TX,F,65,F non-tobacco,4,"Physicians Mutual (PSIC)",202.62,attained age,yes,18,2025-09-01,155.31,420.08,264.77,24,2026-07-15
TX,F,65,F non-tobacco,5,"Insurance Co of N Amer",203.42,attained age,no,0.02,2025-09-01,155.31,420.08,264.77,24,2026-07-15
TX,F,65,M non-tobacco,1,"Atlantic Capital Life Assur Co",178.27,attained age,no,4.9,2025-08-01,178.27,446.14,267.87,24,2026-07-15
TX,F,65,M non-tobacco,2,"New Era Life Ins Co",186.94,attained age,no,2.86,2025-11-01,178.27,446.14,267.87,24,2026-07-15
TX,F,65,M non-tobacco,3,"Nassau Life Insurance Company",217.20,attained age,no,8.9,2025-10-01,178.27,446.14,267.87,24,2026-07-15
TX,F,65,M non-tobacco,4,"Physicians Mutual (PSIC)",223.96,attained age,yes,18,2025-09-01,178.27,446.14,267.87,24,2026-07-15
TX,F,65,M non-tobacco,5,"Insurance Co of N Amer",229.83,attained age,no,0.02,2025-09-01,178.27,446.14,267.87,24,2026-07-15
TX,F,67,F non-tobacco,1,"Atlantic Capital Life Assur Co",155.31,attained age,no,4.9,2025-08-01,155.31,448.94,293.63,24,2026-07-15
TX,F,67,F non-tobacco,2,"New Era Life Ins Co",169.94,attained age,no,2.86,2025-11-01,155.31,448.94,293.63,24,2026-07-15
TX,F,67,F non-tobacco,3,"Nassau Life Insurance Company",190.87,attained age,no,8.9,2025-10-01,155.31,448.94,293.63,24,2026-07-15
TX,F,67,F non-tobacco,4,"Physicians Mutual (PSIC)",202.62,attained age,yes,18,2025-09-01,155.31,448.94,293.63,24,2026-07-15
TX,F,67,F non-tobacco,5,"Insurance Co of N Amer",203.42,attained age,no,0.02,2025-09-01,155.31,448.94,293.63,24,2026-07-15
TX,F,67,M non-tobacco,1,"Atlantic Capital Life Assur Co",178.27,attained age,no,4.9,2025-08-01,178.27,485.05,306.78,24,2026-07-15
TX,F,67,M non-tobacco,2,"New Era Life Ins Co",186.94,attained age,no,2.86,2025-11-01,178.27,485.05,306.78,24,2026-07-15
TX,F,67,M non-tobacco,3,"Nassau Life Insurance Company",219.39,attained age,no,8.9,2025-10-01,178.27,485.05,306.78,24,2026-07-15
TX,F,67,M non-tobacco,4,"Physicians Mutual (PSIC)",223.96,attained age,yes,18,2025-09-01,178.27,485.05,306.78,24,2026-07-15
TX,F,67,M non-tobacco,5,"Insurance Co of N Amer",229.83,attained age,no,0.02,2025-09-01,178.27,485.05,306.78,24,2026-07-15
TX,F,70,F non-tobacco,1,"Atlantic Capital Life Assur Co",163.16,attained age,no,4.9,2025-08-01,163.16,492.16,329.00,24,2026-07-15
TX,F,70,F non-tobacco,2,"New Era Life Ins Co",176.41,attained age,no,2.86,2025-11-01,163.16,492.16,329.00,24,2026-07-15
TX,F,70,F non-tobacco,3,"Nassau Life Insurance Company",204.42,attained age,no,8.9,2025-10-01,163.16,492.16,329.00,24,2026-07-15
TX,F,70,F non-tobacco,4,"Insurance Co of N Amer",209.50,attained age,no,0.02,2025-09-01,163.16,492.16,329.00,24,2026-07-15
TX,F,70,F non-tobacco,5,"Physicians Mutual (PSIC)",216.20,attained age,yes,18,2025-09-01,163.16,492.16,329.00,24,2026-07-15
TX,F,70,M non-tobacco,1,"Atlantic Capital Life Assur Co",187.29,attained age,no,4.9,2025-08-01,187.29,545.55,358.26,24,2026-07-15
TX,F,70,M non-tobacco,2,"New Era Life Ins Co",194.05,attained age,no,2.86,2025-11-01,187.29,545.55,358.26,24,2026-07-15
TX,F,70,M non-tobacco,3,"Nassau Life Insurance Company",234.96,attained age,no,8.9,2025-10-01,187.29,545.55,358.26,24,2026-07-15
TX,F,70,M non-tobacco,4,"Insurance Co of N Amer",236.75,attained age,no,0.02,2025-09-01,187.29,545.55,358.26,24,2026-07-15
TX,F,70,M non-tobacco,5,"Physicians Mutual (PSIC)",238.95,attained age,yes,18,2025-09-01,187.29,545.55,358.26,24,2026-07-15
TX,F,75,F non-tobacco,1,"Atlantic Capital Life Assur Co",193.87,attained age,no,4.9,2025-08-01,193.87,547.62,353.75,24,2026-07-15
TX,F,75,F non-tobacco,2,"New Era Life Ins Co",203.97,attained age,no,2.86,2025-11-01,193.87,547.62,353.75,24,2026-07-15
TX,F,75,F non-tobacco,3,"Nassau Life Insurance Company",238.03,attained age,no,8.9,2025-10-01,193.87,547.62,353.75,24,2026-07-15
TX,F,75,F non-tobacco,4,"Physicians Mutual (PSIC)",247.25,attained age,yes,18,2025-09-01,193.87,547.62,353.75,24,2026-07-15
TX,F,75,F non-tobacco,5,"Insurance Co of N Amer",248.75,attained age,no,0.02,2025-09-01,193.87,547.62,353.75,24,2026-07-15
TX,F,75,M non-tobacco,1,"Atlantic Capital Life Assur Co",222.53,attained age,no,4.9,2025-08-01,222.53,632.66,410.13,24,2026-07-15
TX,F,75,M non-tobacco,2,"New Era Life Ins Co",224.36,attained age,no,2.86,2025-11-01,222.53,632.66,410.13,24,2026-07-15
TX,F,75,M non-tobacco,3,"Physicians Mutual (PSIC)",273.29,attained age,yes,18,2025-09-01,222.53,632.66,410.13,24,2026-07-15
TX,F,75,M non-tobacco,4,"Nassau Life Insurance Company",273.59,attained age,no,8.9,2025-10-01,222.53,632.66,410.13,24,2026-07-15
TX,F,75,M non-tobacco,5,"Insurance Co of N Amer",281.08,attained age,no,0.02,2025-09-01,222.53,632.66,410.13,24,2026-07-15
TX,F,80,F non-tobacco,1,"Atlantic Capital Life Assur Co",229.87,attained age,no,4.9,2025-08-01,229.87,599.70,369.83,24,2026-07-15
TX,F,80,F non-tobacco,2,"New Era Life Ins Co",252.22,attained age,no,2.86,2025-11-01,229.87,599.70,369.83,24,2026-07-15
TX,F,80,F non-tobacco,3,"Nassau Life Insurance Company",280.53,attained age,no,8.9,2025-10-01,229.87,599.70,369.83,24,2026-07-15
TX,F,80,F non-tobacco,4,"Physicians Mutual (PSIC)",282.48,attained age,yes,18,2025-09-01,229.87,599.70,369.83,24,2026-07-15
TX,F,80,F non-tobacco,5,"Insurance Co of N Amer",302.58,attained age,no,0.02,2025-09-01,229.87,599.70,369.83,24,2026-07-15
TX,F,80,M non-tobacco,1,"Atlantic Capital Life Assur Co",263.85,attained age,no,4.9,2025-08-01,263.85,700.92,437.07,24,2026-07-15
TX,F,80,M non-tobacco,2,"New Era Life Ins Co",277.45,attained age,no,2.86,2025-11-01,263.85,700.92,437.07,24,2026-07-15
TX,F,80,M non-tobacco,3,"Physicians Mutual (PSIC)",312.21,attained age,yes,18,2025-09-01,263.85,700.92,437.07,24,2026-07-15
TX,F,80,M non-tobacco,4,"Nassau Life Insurance Company",322.45,attained age,no,8.9,2025-10-01,263.85,700.92,437.07,24,2026-07-15
TX,F,80,M non-tobacco,5,"Insurance Co of N Amer",341.92,attained age,no,0.02,2025-09-01,263.85,700.92,437.07,24,2026-07-15
