date	keyword	relevance	intent	priority	status	slug
2026-03-14	medicare supplement plan g cost per month	10	purchase	high	keep	medicare-supplement-plan-g-cost-per-month
2026-03-14	medicare supplement plan g cost for seniors	9	purchase	high	keep	medicare-supplement-plan-g-cost-for-seniors
2026-03-14	medicare plan g pros and cons	9	comparison	high	keep	medicare-plan-g-pros-and-cons
2026-03-14	medicare plan g cost 2026	9	purchase	medium	keep	medicare-plan-g-cost-2026
2026-03-14	what are the top 5 medicare supplement plans	7	comparison	medium	keep	top-5-medicare-supplement-plans
2026-03-14	best plan g medicare supplement	10	purchase	high	keep	best-plan-g-medicare-supplement
2026-03-14	medicare plan f vs plan g	9	comparison	high	keep	medicare-plan-f-vs-plan-g
2026-03-14	medicare plan g joke	1	informational	low	skip	
2026-03-14	the average cost of medicare supplement g	10	purchase	high	keep	average-cost-of-medicare-supplement-g
2026-03-14	offers the best medicare plan g	10	purchase	high	keep	who-offers-the-best-medicare-plan-g
2026-03-14	medicare supplement plan g (the better value plan)	10	purchase	high	keep	medicare-supplement-plan-g-better-value-plan
2026-03-14	how much do medicare supplement (medigap) insurance plans cost?	9	purchase	high	keep	how-much-do-medicare-supplement-medigap-plans-cost
2026-03-14	medicare supplement plan g: coverage, cost and comparison	10	comparison	high	skip	
2026-03-14	medicare supplement insurance plan g	10	purchase	high	skip	
2026-03-14	what is the average cost of a medicare supplemental plan in 2025?	9	purchase	high	keep	average-cost-of-medicare-supplemental-plan-2025
2026-03-14	what's medicare supplement insurance (medigap)?	7	informational	medium	skip	
2026-03-14	medicare supplement plan g: coverage, costs & how it compares	9	comparison	high	skip	
2026-03-14	medigap (medicare supplement) plan coverage and costs	7	informational	medium	keep	medigap-plan-coverage-and-costs
2026-03-14	medicare supplement plan g vs plan n pros and cons	10	comparison	high	keep	medicare-supplement-plan-g-vs-plan-n-pros-and-cons
2026-03-14	medicare supplement plan g vs plan n cost	10	comparison	high	keep	medicare-supplement-plan-g-vs-plan-n-cost
2026-03-14	medicare plan n vs plan g pros and cons	10	comparison	high	skip	
2026-03-14	medicare plan n vs plan g high deductible	9	comparison	high	keep	medicare-plan-n-vs-plan-g-high-deductible
2026-03-14	medicare plan n pros and cons	9	comparison	high	skip	
2026-03-14	medicare supplement plans comparison chart	9	comparison	high	keep	medicare-supplement-plans-comparison-chart
2026-03-14	medicare supplement plan g vs. plan n: coverage, costs, and more	10	comparison	high	skip	
2026-03-14	medicare supplement plan g vs plan n: key differences explained	10	comparison	high	keep	medicare-supplement-plan-g-vs-plan-n-key-differences
2026-03-14	medicare supplement plan g vs. plan n. let's break down the key ...	10	comparison	low	skip	
2026-03-14	medicare plan n vs. plan g: choosing the best medigap plan	10	comparison	medium	skip	
2026-03-14	medicare plan f vs plan g vs plan n	9	comparison	high	keep	medicare-plan-f-vs-plan-g-vs-plan-n
2026-03-14	medicare supplement plan n vs plan g	10	comparison	high	skip	
2026-03-14	top 10 worst medicare supplement companies	7	comparison	medium	keep	top-10-worst-medicare-supplement-companies
2026-03-14	there a medicare supplement plan g	9	informational	medium	skip	
2026-03-14	best medicare supplement plan g companies in 2026	10	purchase	high	keep	best-medicare-supplement-plan-g-companies-2026
2026-03-14	the best medicare supplement plan g companies in 2026	10	purchase	high	skip	
2026-03-14	medicare supplement plans (medigap) 2026	9	comparison	high	keep	medicare-supplement-plans-medigap-2026
2026-03-14	top 10 best medicare supplement companies	9	comparison	high	keep	top-10-best-medicare-supplement-companies
2026-03-14	consumer reports best medicare supplemental insurance	7	comparison	medium	keep	consumer-reports-best-medicare-supplemental-insurance
2026-03-14	best medicare supplement companies for seniors	9	purchase	high	keep	best-medicare-supplement-companies-for-seniors
2026-03-14	best medicare supplement plans 2026	9	purchase	high	keep	best-medicare-supplement-plans-2026
2026-03-14	best medicare supplement plans in texas 2026	7	purchase	medium	keep	best-medicare-supplement-plans-in-texas-2026
2026-03-14	the best medicare supplement plans	9	purchase	medium	skip	
2026-03-14	best medicare supplement insurance companies in 2026	9	purchase	high	keep	best-medicare-supplement-insurance-companies-2026
2026-03-14	top medicare supplement plans ranked by popularity	9	comparison	high	keep	top-medicare-supplement-plans-ranked-by-popularity
2026-03-14	best medicare supplement (medigap) insurance providers	9	purchase	high	keep	best-medicare-supplement-medigap-insurance-providers
2026-03-14	top 10 medicare supplement companies in 2026	9	comparison	high	keep	top-10-medicare-supplement-companies-2026
2026-03-14	medicare supplement rates by age california	3	informational	low	skip	
2026-03-14	plan g medicare supplement cost	10	purchase	high	keep	plan-g-medicare-supplement-cost
2026-03-14	are medicare supplement premiums going up in 2026	9	informational	high	keep	are-medicare-supplement-premiums-going-up-in-2026
2026-03-14	do medicare supplement premiums increase with age	9	informational	high	keep	do-medicare-supplement-premiums-increase-with-age
2026-03-14	average cost of medicare supplement insurance by age in 2026	9	comparison	high	keep	average-cost-of-medicare-supplement-insurance-by-age-in-2026
2026-03-14	key facts about medigap enrollment and premiums for medicare ...	6	informational	medium	skip	
2026-03-14	[pdf] new jersey medicare supplement policies (medigap) monthly ...	8	comparison	low	skip	
2026-03-14	[pdf] 2024 medicare supplement (medigap) plans and sample premiums ...	5	informational	low	skip	
2026-03-14	how your age determines medicare supplement premium costs?	9	informational	medium	skip	
2026-03-14	medicare supplement rates by age	9	comparison	high	keep	medicare-supplement-rates-by-age
2026-03-14	switching medicare supplement insurance plans	10	purchase	high	skip	
2026-03-14	questions about changing medigap providers : r/medicare	7	informational	low	skip	
2026-03-14	how to change your medicare supplement plan	10	purchase	medium	skip	
2026-03-14	mutual of omaha medicare supplement rate increase 2026	9	comparison	high	keep	mutual-of-omaha-medicare-supplement-rate-increase-2026
2026-03-14	mutual of omaha medicare supplement rate increase history	9	comparison	high	keep	mutual-of-omaha-medicare-supplement-rate-increase-history
2026-03-14	blue cross blue shield medicare supplement rate increase history	8	comparison	high	keep	blue-cross-blue-shield-medicare-supplement-rate-increase-history
2026-03-14	unitedhealthcare medicare supplement rate increase history	8	comparison	high	keep	unitedhealthcare-medicare-supplement-rate-increase-history
2026-03-14	unitedhealthcare medicare supplement rate increase history pdf	7	informational	low	skip	
2026-03-14	the additional medicare rate for 2026	4	informational	low	skip	
2026-03-14	my medicare supplement rate just jumped — why, and what can i do?	9	purchase	high	keep	my-medicare-supplement-rate-just-jumped
2026-03-14	medicare supplement plan (medigap) premium hikes and what ...	8	informational	medium	skip	
2026-03-14	with medicare premiums set to rise in 2026, is ...	6	informational	medium	skip	
2026-03-14	why did my medicare supplement rate change?	9	purchase	high	keep	why-did-my-medicare-supplement-rate-change
2026-03-14	can medicare supplement rates increase mid	8	informational	medium	keep	can-medicare-supplement-rates-increase-mid-year
2026-03-14	medicare supplement rate filings	7	informational	medium	keep	medicare-supplement-rate-filings
2026-03-14	best medicare supplement companies 2025 usa	9	comparison	high	keep	best-medicare-supplement-companies-2025-usa
2026-03-14	best medicare supplement companies 2025 for seniors	9	comparison	high	skip	
2026-03-14	best medicare supplement plans 2026 consumer reports	7	comparison	medium	keep	best-medicare-supplement-plans-2026
2026-03-14	best supplemental health insurance non medicare	2	informational	low	skip	
2026-03-14	humana or unitedhealthcare better for medicare	8	comparison	high	keep	humana-or-unitedhealthcare-better-for-medicare
2026-03-14	is better for medicare aetna or blue cross	8	comparison	high	keep	aetna-vs-blue-cross-medicare
2026-03-14	best medicare choices right now	7	comparison	medium	keep	best-medicare-choices-right-now
2026-03-14	top medicare supplement plans in pennsylvania	9	purchase	high	skip	
2026-03-14	mutual of omaha medicare supplement login	2	informational	low	skip	
2026-03-14	mutual of omaha medicare supplement provider portal	2	informational	low	skip	
2026-03-14	mutual of omaha medicare supplement provider phone number	2	informational	low	skip	
2026-03-14	mutual of omaha medicare supplement plan g	9	purchase	high	keep	mutual-of-omaha-medicare-supplement-plan-g
2026-03-14	mutual of omaha medicare supplement reviews	7	comparison	medium	keep	mutual-of-omaha-medicare-supplement-reviews
2026-03-14	mutual of omaha medicare supplement phone number	2	informational	low	skip	
2026-03-14	mutual of omaha medicare supplement benefits	7	informational	medium	keep	mutual-of-omaha-medicare-supplement-benefits
2026-03-14	mutual of omaha medicare supplement providers	4	informational	low	skip	
2026-03-14	does mutual of omaha offer medicare supplement plans	7	informational	medium	keep	does-mutual-of-omaha-offer-medicare-supplement-plans
2026-03-14	medicare supplement insurance plans, cover out of pocket costs	9	purchase	high	keep	medicare-supplement-plans-cover-out-of-pocket-costs
2026-03-14	medicare supplement plan g	10	purchase	high	skip	
2026-03-14	life insurance, finance, medicare from mutual of omaha	3	informational	low	skip	
2026-03-14	medicare supplement plan c for seniors	6	informational	low	keep	medicare-supplement-plan-c-for-seniors
2026-03-14	mutual of omaha medicare supplemental insurance reviews	9	comparison	high	keep	mutual-of-omaha-medicare-supplemental-insurance-reviews
2026-03-14	omaha insurance company medicare supplement	9	comparison	medium	skip	
2026-03-14	what is covered by medicare supplement and advantage plans?	7	informational	medium	keep	what-is-covered-by-medicare-supplement-and-advantage-plans
2026-03-14	complaints about aarp unitedhealthcare medicare supplement	9	comparison	high	keep	complaints-about-aarp-unitedhealthcare-medicare-supplement
2026-03-14	aarp medicare supplement review 2022	7	comparison	low	skip	
2026-03-14	cigna medicare supplement reviews	9	comparison	high	keep	cigna-medicare-supplement-reviews
2026-03-14	aarp medicare supplement plan g	10	purchase	high	keep	aarp-medicare-supplement-plan-g
2026-03-14	bcbs medicare supplement reviews	9	comparison	high	keep	bcbs-medicare-supplement-reviews
2026-03-14	aarp medicare supplement any good	9	comparison	high	keep	aarp-medicare-supplement-any-good
2026-03-14	unitedhealthcare a good medicare supplement company	9	comparison	medium	skip	
2026-03-14	aarp/unitedhealthcare medicare supplement reviews	9	comparison	high	keep	aarp-unitedhealthcare-medicare-supplement-reviews
2026-03-14	aarp medicare supplement insurance 2026 review	9	comparison	high	keep	aarp-medicare-supplement-insurance-2026-review
2026-03-14	aarp medicare supplement plans (2026): an unbiased review	9	comparison	medium	skip	
2026-03-14	unitedhealthcare medicare supplement review	9	comparison	high	keep	unitedhealthcare-medicare-supplement-review
2026-03-14	aarp medicare supplemental insurance reviews	7	comparison	medium	keep	aarp-medicare-supplemental-insurance-reviews
2026-03-14	what is aarp medicare supplement: plans, coverage, eligibility, costs	6	informational	low	keep	what-is-aarp-medicare-supplement
2026-03-14	aarp medicare supplement plan review	7	comparison	medium	skip	
2026-03-14	aarp® medicare supplement from unitedhealthcare®	7	comparison	medium	keep	aarp-medicare-supplement-from-unitedhealthcare
2026-03-14	why are so many people are on aarp medicare supplement plans?	6	informational	low	keep	why-so-many-people-on-aarp-medicare-supplement-plans
2026-03-14	medicare supplement new jersey providers	10	purchase	high	keep	medicare-supplement-new-jersey-providers
2026-03-14	nj medicare supplement plans 2026	10	purchase	high	keep	nj-medicare-supplement-plans-2026
2026-03-14	best medicare supplement new jersey	10	purchase	high	keep	best-medicare-supplement-new-jersey
2026-03-14	medicare supplement new jersey cost	10	purchase	high	keep	medicare-supplement-new-jersey-cost
2026-03-14	the best supplemental insurance for medicare in nj	10	purchase	high	skip	
2026-03-14	medicare supplement (medigap) plans in new jersey	10	purchase	high	skip	
2026-03-14	understanding new jersey medicare supplement plans	9	informational	medium	keep	understanding-new-jersey-medicare-supplement-plans
2026-03-14	best medicare supplement plans in new jersey 2026	10	purchase	high	skip	
2026-03-14	[pdf] medicare supplement (medigap) insurance companies ...	5	informational	low	skip	
2026-03-14	medicare supplement new jersey plan g reviews	10	purchase	high	keep	medicare-supplement-new-jersey-plan-g-reviews
2026-03-14	medicare supplement new jersey plan g providers	10	comparison	high	keep	medicare-supplement-new-jersey-plan-g-providers
2026-03-14	medicare supplement new jersey plan g cost	10	purchase	high	keep	medicare-supplement-new-jersey-plan-g-cost
2026-03-14	best medicare supplement new jersey plan g	10	purchase	high	keep	best-medicare-supplement-new-jersey-plan-g
2026-03-14	medicare supplement new jersey plan g 2022	6	informational	low	skip	
2026-03-14	shop medicare supplement plan g insurance	10	purchase	high	keep	shop-medicare-supplement-plan-g-insurance
2026-03-14	medicare supplement plans in new jersey	10	comparison	medium	skip	
2026-03-14	medicare broker new jersey reviews	9	comparison	high	keep	medicare-broker-new-jersey-reviews
2026-03-14	free medicare broker new jersey	10	purchase	high	keep	free-medicare-broker-new-jersey
2026-03-14	best medicare broker new jersey	10	purchase	high	keep	best-medicare-broker-new-jersey
2026-03-14	medicare broker new jersey cost	10	informational	high	keep	medicare-broker-new-jersey-cost
2026-03-14	independent medicare brokers near me	9	purchase	high	keep	independent-medicare-brokers-near-me
2026-03-14	nj medicare advantage plans 2026	7	informational	medium	keep	nj-medicare-advantage-plans-2026
2026-03-14	list of medicare brokers	6	informational	low	keep	list-of-medicare-brokers
2026-03-14	insurance brokers for medicare advantage plans	8	purchase	medium	keep	insurance-brokers-for-medicare-advantage-plans
2026-03-14	does it cost to use a medicare broker	9	informational	high	keep	does-it-cost-to-use-a-medicare-broker
2026-03-14	do you need a broker to enroll in medicare	9	informational	high	keep	do-you-need-a-broker-to-enroll-in-medicare
2026-03-14	new jersey medicare brokers	10	purchase	high	keep	new-jersey-medicare-brokers
2026-03-14	medicare insurance agents in new jersey	10	purchase	high	keep	medicare-insurance-agents-in-new-jersey
2026-03-14	find an nj medicare broker near you	10	purchase	high	keep	find-an-nj-medicare-broker-near-you
2026-03-14	licensed medicare agents in new jersey	10	purchase	medium	skip	
2026-03-14	new jersey medicare broker	10	purchase	high	skip	
2026-03-14	mediplans nj: medicare insurance agent	3	purchase	low	skip	
2026-03-14	why are you forced to get medicare at 65	6	informational	medium	keep	why-are-you-forced-to-get-medicare-at-65
2026-03-14	who is not eligible for medicare at age 65	6	informational	medium	keep	who-is-not-eligible-for-medicare-at-age-65
2026-03-14	best medicare supplement plans for disabled under 65	8	purchase	high	keep	best-medicare-supplement-plans-for-disabled-under-65
2026-03-14	is it mandatory to sign up for medicare at age 65	6	informational	medium	skip	
2026-03-14	the birthday rule for medicare supplements	9	informational	high	keep	the-birthday-rule-for-medicare-supplements
2026-03-14	i get medicare supplements after age 65	8	informational	medium	keep	get-medicare-supplements-after-age-65
2026-03-14	when to sign up for medicare	7	informational	medium	keep	when-to-sign-up-for-medicare
2026-03-14	when does medicare coverage start?	7	informational	medium	keep	when-does-medicare-coverage-start
2026-03-14	[pdf] fact sheet: medicare decisions for someone nearing age 65	6	informational	low	skip	
2026-03-14	when to sign up for medicare if you're still working past 65	8	informational	high	keep	hub/when-to-sign-up-for-medicare-if-still-working-past-65
2026-03-14	medicare while working past 65	8	informational	medium	skip	
2026-03-14	i am turning 65 next year. when can i sign up for medicare?	9	purchase	high	keep	hub/turning-65-when-to-sign-up-for-medicare
2026-03-14	medicare enrollment at 65	8	informational	medium	skip	
2026-03-14	what are the 3 enrollment periods for medicare	8	informational	high	keep	hub/what-are-the-3-enrollment-periods-for-medicare
2026-03-14	medicare enrollment period new jersey calculator	9	purchase	high	keep	hub/medicare-enrollment-period-new-jersey-calculator
2026-03-14	medicare enrollment period 2026	7	informational	medium	keep	hub/medicare-enrollment-period-2026
2026-03-14	medicare enrollment period chart	8	informational	medium	keep	hub/medicare-enrollment-period-chart
2026-03-14	initial enrollment period for medicare	8	informational	medium	skip	
2026-03-14	how to enroll in medicare for the first time	9	purchase	high	keep	hub/how-to-enroll-in-medicare-for-the-first-time
2026-03-14	will medicare pay for wegovy	3	informational	low	skip	
2026-03-14	understanding medicare enrollment periods	8	informational	medium	skip	
2026-03-14	how and when to apply for medicare	9	purchase	medium	skip	
2026-03-14	when can i sign up for medicare?	8	informational	medium	skip	
2026-03-14	medicare plan election periods	6	informational	medium	keep	medicare-plan-election-periods
2026-03-14	how to enroll in medicare in new jersey	9	purchase	high	keep	how-to-enroll-in-medicare-in-new-jersey
2026-03-14	understanding the medicare initial enrollment period	7	informational	medium	keep	understanding-the-medicare-initial-enrollment-period
2026-03-14	medicare supplement open enrollment 2026	9	purchase	high	keep	medicare-supplement-open-enrollment-2026
2026-03-14	when does medicare supplement open enrollment take place uhc	5	informational	low	skip	
2026-03-14	when does medicare supplement open enrollment take place quizlet	1	informational	low	skip	
2026-03-14	medicare open enrollment 2026	6	informational	medium	keep	medicare-open-enrollment-2026
2026-03-14	medicare open enrollment 2027	5	informational	low	skip	
2026-03-14	medicare supplement insurance plan open enrollment period	9	purchase	high	keep	medicare-supplement-insurance-plan-open-enrollment-period
2026-03-14	medicare open enrollment	5	informational	low	skip	
2026-03-14	medicare supplement vs medicare advantage pros and cons	9	comparison	high	keep	medicare-supplement-vs-medicare-advantage-pros-and-cons
2026-03-14	medicare supplement vs medicare advantage chart	9	comparison	high	keep	medicare-supplement-vs-medicare-advantage-chart
2026-03-14	medicare supplement vs medicare advantage cost	9	comparison	high	keep	medicare-supplement-vs-medicare-advantage-cost
2026-03-14	medicare supplement vs medicare advantage chart pdf	7	comparison	medium	skip	
2026-03-14	why medicare advantage plans are bad	8	comparison	high	keep	why-medicare-advantage-plans-are-bad
2026-03-14	aarp medicare supplement vs advantage	7	comparison	medium	keep	aarp-medicare-supplement-vs-advantage
2026-03-14	original medicare vs medicare advantage	6	informational	medium	keep	original-medicare-vs-medicare-advantage
2026-03-14	medigap vs medicare advantage for cancer patients	9	comparison	high	keep	medigap-vs-medicare-advantage-for-cancer-patients
2026-03-14	are people leaving medicare advantage plans	7	informational	medium	keep	are-people-leaving-medicare-advantage-plans
2026-03-14	the major difference between medicare and medicare advantage	6	informational	low	keep	major-difference-between-medicare-and-medicare-advantage
2026-03-14	medicare advantage vs. medicare supplement plans	9	comparison	high	keep	medicare-advantage-vs-medicare-supplement-plans
2026-03-14	compare original medicare & medicare advantage	6	comparison	medium	skip	
2026-03-14	medicare supplement vs. medicare advantage: pros and cons	9	comparison	high	keep	medicare-supplement-vs-medicare-advantage-pros-and-cons
2026-03-14	medicare advantage vs. medicare supplement (medigap)	9	comparison	high	skip	
2026-03-14	medicare advantage vs medicare supplement	9	comparison	high	keep	medicare-advantage-vs-medicare-supplement
2026-03-14	medicare advantage vs. supplement	9	comparison	high	skip	
2026-03-14	what is the difference between medicare advantage and medigap?	9	informational	high	keep	difference-between-medicare-advantage-and-medigap
2026-03-14	medicare supplement vs. medicare advantage	9	comparison	high	skip	
2026-03-14	medicare advantage vs. medigap (medicare supplement plans)	9	comparison	high	skip	
2026-03-14	difference between medicare advantage vs medicare supplement	9	comparison	high	skip	
2026-03-14	original medicare vs medicare supplement pros and cons	9	comparison	high	keep	original-medicare-vs-medicare-supplement-pros-and-cons
2026-03-14	original medicare vs medicare supplement cost	9	comparison	high	keep	original-medicare-vs-medicare-supplement-cost
2026-03-14	what is the best medicare plan that covers everything	8	purchase	high	keep	best-medicare-plan-that-covers-everything
2026-03-14	is better, original medicare with a supplement or medicare advantage	10	comparison	high	keep	original-medicare-with-supplement-or-medicare-advantage
2026-03-14	would someone choose original medicare over medicare advantage	9	comparison	high	keep	why-choose-original-medicare-over-medicare-advantage
2026-03-14	medicare advantage vs. medicare	8	comparison	medium	keep	medicare-advantage-vs-medicare
2026-03-14	original medicare vs. medicare advantage: what's the difference?	8	informational	medium	skip	
2026-03-14	[pdf] original medicare with a medigap vs. medicare advantage	7	informational	low	skip	
2026-03-14	does medicare supplement cover dental implants	6	informational	medium	keep	does-medicare-supplement-cover-dental-implants
2026-03-14	free dental for seniors on medicare	3	informational	low	skip	
2026-03-14	which medicare plan covers dental, vision and hearing	6	comparison	medium	keep	which-medicare-plan-covers-dental-vision-and-hearing
2026-03-14	supplemental dental insurance for seniors on medicare	4	purchase	low	skip	
2026-03-14	does medicare supplement cover dental and vision	6	informational	medium	keep	does-medicare-supplement-cover-dental-and-vision
2026-03-14	medicare part c dental coverage	5	informational	low	skip	
2026-03-14	does any medicare supplement cover dental	6	informational	medium	skip	
2026-03-14	you get medicare to cover dental	4	informational	low	skip	
2026-03-14	understanding medicare supplemental dental insurance plans	5	informational	medium	keep	hub/medicare-supplemental-dental-insurance-plans
2026-03-14	does medicare cover dental, vision, and hearing care?	5	informational	medium	keep	hub/does-medicare-cover-dental-vision-and-hearing
2026-03-14	understanding supplemental dental insurance for medicare	5	informational	low	skip	
2026-03-14	dental vision and hearing for medicare supplement	6	comparison	medium	keep	hub/dental-vision-and-hearing-for-medicare-supplement
2026-03-14	medicare dental and vision coverage	5	informational	low	skip	
2026-03-14	medicare dental insurance: information about dental coverage	4	informational	low	skip	
2026-03-14	does medicare supplement cover vision for seniors	6	informational	medium	keep	hub/does-medicare-supplement-cover-vision-for-seniors
2026-03-14	does medicare supplement cover vision for glasses	6	informational	low	skip	
2026-03-14	how often does medicare pay for eye exams	4	informational	low	keep	hub/how-often-does-medicare-pay-for-eye-exams
2026-03-14	does medicare cover eye exams for cataracts	4	informational	low	skip	
2026-03-14	does medicare pay for eye exams for seniors	4	informational	low	skip	
2026-03-14	what medicare plan covers dental and vision	6	comparison	medium	keep	hub/what-medicare-plan-covers-dental-and-vision
2026-03-14	does medicare supplement pay for glasses	6	informational	low	skip	
2026-03-14	does medicare cover eye exams for glaucoma	4	informational	low	skip	
2026-03-14	will medicare pay for glasses for seniors	4	informational	low	skip	
2026-03-14	does medicare cover vision and eye care?	4	informational	low	skip	
2026-03-14	does medicare cover eye exams and vision care?	4	informational	low	skip	
2026-03-14	how to get medicare dental & vision coverage	5	purchase	medium	keep	hub/medicare-dental-vision-coverage
2026-03-14	do medicare supplement policies cover vision?	7	informational	medium	keep	hub/do-medicare-supplement-policies-cover-vision
2026-03-14	does medicare cover dental, vision, & hearing aids?	4	informational	low	skip	
2026-03-14	does medicare cover vision? everything you need to know	3	informational	low	skip	
2026-03-14	does medicare cover eye exams, glasses, or contacts?	3	informational	low	skip	
2026-03-14	what does plan g cover for medicare supplement	9	comparison	high	skip	
2026-03-14	medicare plan g coverage chart	9	comparison	high	keep	hub/medicare-plan-g-coverage-chart
2026-03-14	what does medicare plan g pay for	9	comparison	high	skip	
2026-03-14	medicare supplement plan g: coverage, costs & how it ...	10	purchase	high	skip	
2026-03-14	medicare supplement plan g (2026)	10	purchase	high	keep	hub/medicare-supplement-plan-g-2026
2026-03-14	unlocking medicare plan g: best coverage explained	9	comparison	medium	skip	
2026-03-14	learn about medicare plan g pros and cons for 2025	9	comparison	high	keep	hub/medicare-plan-g-pros-and-cons
2026-03-14	medicare supplement plan g: a closer look	9	informational	medium	skip	
2026-03-14	medicare plan g pros and cons (is it worth it?)	9	comparison	high	keep	medicare-plan-g-pros-and-cons
2026-03-14	medicare supplement high deductible plan g	9	informational	high	keep	medicare-supplement-high-deductible-plan-g
2026-03-14	shop medicare supplement high deductible plan g	10	purchase	high	skip	
2026-03-14	medicare supplement coverage & benefits	8	informational	medium	skip	
2026-03-14	best medicare supplement foreign travel coverage	8	comparison	high	keep	best-medicare-supplement-foreign-travel-coverage
2026-03-14	aarp medicare supplement foreign travel	6	comparison	medium	keep	aarp-medicare-supplement-foreign-travel
2026-03-14	medicare supplement foreign travel coverage cost	8	purchase	high	keep	medicare-supplement-foreign-travel-coverage-cost
2026-03-14	medicare international coverage for seniors	7	informational	medium	keep	medicare-international-coverage-for-seniors
2026-03-14	does medicare cover foreign travel emergencies	7	informational	medium	keep	does-medicare-cover-foreign-travel-emergencies
2026-03-14	which medicare advantage plans cover international travel	5	comparison	low	keep	which-medicare-advantage-plans-cover-international-travel
2026-03-14	aarp medicare supplement foreign travel reviews	6	comparison	medium	skip	
2026-03-14	medicare plan g foreign travel coverage	9	informational	high	keep	medicare-plan-g-foreign-travel-coverage
2026-03-14	the best medicare plan for international travel	8	comparison	high	keep	best-medicare-plan-for-international-travel
2026-03-14	[pdf] medicare coverage outside the united states	3	informational	low	skip	
2026-03-14	will medicare cover me if i travel outside the united states?	7	informational	medium	keep	will-medicare-cover-me-outside-the-united-states
2026-03-14	will medicare cover me while i'm traveling abroad?	7	informational	low	skip	
2026-03-14	plan g foreign travel: your best medicare supplement option	9	comparison	high	keep	plan-g-foreign-travel-coverage
2026-03-14	does medicare cover you anywhere?	6	informational	low	skip	
2026-03-14	does medicare supplement plan g cover foreign travel?	9	informational	medium	skip	
2026-03-14	how much does medicare supplement cost per month for seniors	9	comparison	high	keep	medicare-supplement-cost-per-month-for-seniors
2026-03-14	how much does the best medicare supplemental insurance cost per month	9	comparison	high	keep	best-medicare-supplemental-insurance-cost-per-month
2026-03-14	how much does medicare cost at age 65	7	informational	medium	keep	how-much-does-medicare-cost-at-age-65
2026-03-14	average cost of medicare supplement plan g per month	10	purchase	high	keep	average-cost-of-medicare-supplement-plan-g-per-month
2026-03-14	average cost of supplemental health insurance for seniors with medicare	8	comparison	medium	keep	average-cost-supplemental-health-insurance-seniors-medicare
2026-03-14	how much does medicare cost per month	6	informational	low	keep	how-much-does-medicare-cost-per-month
2026-03-14	the average monthly cost for medicare supplement insurance	9	comparison	medium	skip	
2026-03-14	it worth getting medicare supplemental insurance	9	comparison	high	keep	is-medicare-supplemental-insurance-worth-it
2026-03-14	how much does a medicare supplement insurance plan cost?	9	purchase	high	skip	
2026-03-14	what does medicare cost?	5	informational	low	skip	
2026-03-14	medicare supplement insurance costs	9	comparison	high	keep	medicare-supplement-insurance-costs
2026-03-14	how much does a medicare supplement plan cost?	9	comparison	high	keep	how-much-does-a-medicare-supplement-plan-cost
2026-03-14	medicare supplement (medigap) plan costs	9	comparison	medium	skip	
2026-03-14	[pdf] 2025 medicare costs	3	informational	low	skip	
2026-03-14	medicare supplement plan g premium 2025 reviews	10	purchase	high	keep	medicare-supplement-plan-g-premium-2025-reviews
2026-03-14	medicare supplement plan g premium 2025 benefits	10	informational	high	keep	medicare-supplement-plan-g-premium-2025-benefits
2026-03-14	medicare supplement plan g premium 2025 cost	10	purchase	high	keep	medicare-supplement-plan-g-premium-2025-cost
2026-03-14	medicare plan g deductible 2026	9	informational	medium	keep	medicare-plan-g-deductible-2026
2026-03-14	medicare supplement plan g: complete guide 2025	10	informational	medium	skip	
2026-03-14	affordable medicare supplement plans california	7	purchase	high	keep	affordable-medicare-supplement-plans-california
2026-03-14	there a free medicare supplement plan	6	informational	low	keep	is-there-a-free-medicare-supplement-plan
2026-03-14	choosing a medicare supplement plan in 2026	9	purchase	high	keep	choosing-a-medicare-supplement-plan-in-2026
2026-03-14	advantage plan vs medicare supplement (medigap): key differences	8	comparison	high	keep	advantage-plan-vs-medicare-supplement-key-differences
2026-03-14	best medicare supplement plans for 2026	9	purchase	high	keep	best-medicare-supplement-plans-for-2026
2026-03-14	medicare plan f	7	informational	medium	keep	medicare-plan-f
2026-03-14	what is medigap? your guide to medicare supplement	7	informational	medium	keep	what-is-medigap
2026-03-14	is there a best time to enroll in a medicare supplement plan?	9	purchase	high	keep	best-time-to-enroll-in-medicare-supplement
2026-03-14	medicareresources.org: find the best medicare coverage for you	2	informational	low	skip	
2026-03-14	do medicare supplement plans include prescription drug coverage	8	informational	medium	keep	do-medicare-supplement-plans-include-prescription-drug-coverage
2026-03-14	how are medicare costs and benefits changing for 2026?	6	informational	medium	keep	medicare-costs-and-benefits-changing-for-2026
2026-03-14	what does medicare not cover?	7	informational	medium	keep	what-does-medicare-not-cover
2026-03-14	compare medicare supplement rates	10	purchase	high	keep	compare-medicare-supplement-rates
2026-03-14	medicare supplement (medigap) plans comparison chart	9	comparison	high	keep	medicare-supplement-plans-comparison-chart
2026-03-14	find the best medicare supplement plan for you	10	purchase	high	keep	find-the-best-medicare-supplement-plan
2026-03-14	medicare supplement insurance vs. medicare advantage	9	comparison	high	keep	medicare-supplement-insurance-vs-medicare-advantage
2026-03-14	average cost of medicare supplement plan f	7	comparison	medium	keep	average-cost-of-medicare-supplement-plan-f
2026-03-14	what is the most popular medicare supplement (medigap) plan?	9	comparison	high	keep	most-popular-medicare-supplement-plan
2026-03-14	medicare changes you need to know	5	informational	low	keep	medicare-changes-you-need-to-know
2026-03-14	medicare supplement plan f vs. plan g	10	comparison	high	keep	medicare-supplement-plan-f-vs-plan-g
2026-03-14	the real value of medicare supplement plans: what you need to know	8	informational	medium	keep	real-value-of-medicare-supplement-plans
2026-03-14	medicare supplement (medigap) plan g benefits and coverage	10	comparison	high	skip	
2026-03-14	why medicare supplement saves you money long	8	informational	medium	keep	hub/why-medicare-supplement-saves-you-money-long-term
2026-03-14	average cost of medicare supplement plans	9	comparison	high	keep	hub/average-cost-of-medicare-supplement-plans
2026-03-14	top 10 medicare supplement insurance companies in 2026	9	comparison	high	keep	hub/top-10-medicare-supplement-insurance-companies-2026
2026-03-14	what you need to know about medicare supplement plans	8	informational	medium	skip	
2026-03-14	medicare supplement (medigap) plan f benefits and coverage	6	comparison	low	keep	hub/medicare-supplement-plan-f-benefits-and-coverage
2026-03-14	10 questions to ask before buying a medicare supplement plan	8	informational	medium	keep	hub/10-questions-to-ask-before-buying-a-medicare-supplement-plan
2026-03-14	medicare supplement insurance plan costs	9	comparison	high	keep	medicare-supplement-insurance-plan-costs
2026-03-14	compare medicare supplement insurance plans	9	comparison	high	keep	compare-medicare-supplement-insurance-plans
2026-03-14	medicare supplement plans (medigap) cost: 2026 plan year	8	informational	medium	keep	medicare-supplement-medigap-cost-2026-plan-year
2026-03-14	compare medicare supplement (medigap) plans	9	comparison	high	skip	
2026-03-14	does a medicare supplement cost at age 65	9	purchase	high	keep	medicare-supplement-cost-at-age-65
2026-03-14	[pdf] fact sheet: 2026 medicare costs	3	informational	low	skip	
2026-03-14	switch medicare supplement carriers reddit	8	informational	medium	skip	
2026-03-14	can you change medicare supplement plans with pre existing conditions	9	purchase	high	keep	change-medicare-supplement-plans-with-pre-existing-conditions
2026-03-14	when can i change my medicare supplement plan for 2026	9	purchase	high	keep	when-can-i-change-my-medicare-supplement-plan-for-2026
2026-03-14	can you change medicare supplement plans without underwriting	10	purchase	high	keep	change-medicare-supplement-plans-without-underwriting
2026-03-14	which states allow you to change medicare supplement plans without underwriting	9	comparison	high	keep	states-allow-change-medicare-supplement-plans-without-underwriting
2026-03-14	can you switch medicare supplement plans anytime	9	purchase	high	keep	can-you-switch-medicare-supplement-plans-anytime
2026-03-14	can you switch from medicare advantage to medigap without underwriting	9	purchase	high	keep	switch-medicare-advantage-to-medigap-without-underwriting
2026-03-14	you switch medicare supplement carriers	9	purchase	high	skip	
2026-03-14	what states allow you to change medicare supplement plans without underwriting	9	comparison	high	skip	
2026-03-14	i change my medicare carrier	9	purchase	high	skip	
2026-03-14	is it possible to change medicare supplement plans anytime?	9	comparison	high	keep	change-medicare-supplement-plans-anytime
2026-03-14	medigap (medicare supplement health insurance)	10	informational	medium	skip	
2026-03-14	aarp medicare supplement rate increase history	8	comparison	high	keep	aarp-medicare-supplement-rate-increase-history
2026-03-14	sildenafil covered by medicare part d	1	informational	low	skip	
2026-03-14	best medicare supplement companies 2025 florida	7	purchase	high	keep	best-medicare-supplement-companies-2025-florida
2026-03-14	best medicare supplement companies 2025 california	5	purchase	medium	skip	
2026-03-14	the average medicare supplement premium for seniors in 2025	8	informational	medium	keep	average-medicare-supplement-premium-2025
2026-03-14	medicare supplement plan extra benefits	7	informational	medium	keep	medicare-supplement-plan-extra-benefits
2026-03-14	aarp medicare supplement review with rates	8	comparison	high	keep	aarp-medicare-supplement-review-with-rates
2026-03-14	best medicare supplement plans in new jersey 2025	10	purchase	high	keep	best-medicare-supplement-plans-new-jersey-2025
2026-03-14	explore aarp medicare supplement plans from ...	7	comparison	low	skip	
2026-03-14	top 10 best medicare insurance broker in jersey city, nj	9	purchase	high	keep	top-medicare-insurance-broker-jersey-city-nj
2026-03-14	what happens if you don t sign up for medicare at 65	6	informational	medium	keep	what-happens-if-you-dont-sign-up-for-medicare-at-65
2026-03-14	when to sign up for medicare before turning 65	7	informational	medium	keep	when-to-sign-up-for-medicare-before-turning-65
2026-03-14	at what age does a woman qualify for medicare	3	informational	low	skip	
2026-03-14	what does medicare cover for dementia patients	3	informational	low	skip	
2026-03-14	signing up for medicare while still working	5	informational	medium	keep	signing-up-for-medicare-while-still-working
2026-03-14	you apply for a medicare supplement plan at any time	9	purchase	high	keep	apply-for-a-medicare-supplement-plan-at-any-time
2026-03-14	medigap vs medicare advantage consumer reports	7	comparison	high	keep	medigap-vs-medicare-advantage-consumer-reports
2026-03-14	you switch from a medicare advantage plan to a supplement	10	purchase	high	skip	
2026-03-14	dental coverage for seniors on medicare	4	informational	low	skip	
2026-03-14	what dental services are covered by medicare advantage plans	4	informational	low	skip	
2026-03-14	do medicare advantage plans cover dental	4	informational	low	skip	
2026-03-14	does aarp medicare supplement plan g cover dental	8	comparison	high	keep	does-aarp-medicare-supplement-plan-g-cover-dental
2026-03-14	does medicare pay for tmj treatment	2	informational	low	skip	
2026-03-14	does medicare supplement cover vision in california	3	informational	low	skip	
2026-03-14	does medicare supplement cover eye exams	7	informational	medium	keep	does-medicare-supplement-cover-eye-exams
2026-03-14	do medicare supplements pay for eye exams	7	informational	low	skip	
2026-03-14	what type of vision coverage is covered by medicare for seniors	4	informational	low	skip	
2026-03-14	do medicare supplement plans cover dental and vision?	5	informational	low	keep	do-medicare-supplement-plans-cover-dental-and-vision
2026-03-14	medicare plan f vs. plan g: key differences and choosing the right ...	9	comparison	high	keep	medicare-plan-f-vs-plan-g-key-differences
2026-03-14	learn about medicare plan g pros and cons	9	informational	high	keep	medicare-plan-g-pros-and-cons
2026-03-14	medicare supplement high deductible plan g reviews	8	comparison	medium	keep	medicare-supplement-high-deductible-plan-g-reviews
2026-03-14	medicare supplement high deductible plan g cost	8	purchase	high	keep	medicare-supplement-high-deductible-plan-g-cost
2026-03-14	medicare supplement high deductible plan g benefits	8	informational	medium	keep	medicare-supplement-high-deductible-plan-g-benefits
2026-03-14	medicare supplement high-deductible plan g	8	informational	medium	skip	
2026-03-14	healthspring: shop medicare supplement high deductible plan g	3	purchase	low	skip	
2026-03-14	4 tips for traveling with medicare overseas	6	informational	low	keep	tips-for-traveling-with-medicare-overseas
2026-03-14	the average monthly cost of a medicare supplement plan	9	purchase	high	keep	average-monthly-cost-of-a-medicare-supplement-plan
2026-03-14	medicare supplement plan g premium 2025 calculator	10	purchase	high	keep	medicare-supplement-plan-g-premium-2025-calculator
2026-03-14	medicare supplement plan g premium 2025 california	3	purchase	low	skip	
2026-03-14	medicare supplement plans in georgia	7	purchase	high	keep	medicare-supplement-plans-in-georgia
2026-03-14	is plan g still the best medicare supplemental coverage for 2025?	10	comparison	high	keep	is-plan-g-still-the-best-medicare-supplemental-coverage-2025
2026-03-14	shop aarp medicare supplement plans from unitedhealthcare	7	purchase	medium	keep	aarp-medicare-supplement-plans-from-unitedhealthcare
2026-03-14	find medicare supplement plans in your state	9	purchase	high	keep	find-medicare-supplement-plans-in-your-state
2026-03-14	what is medigap? your guide to medicare supplement insurance	7	informational	medium	keep	what-is-medigap-your-guide-to-medicare-supplement-insurance
2026-03-14	is original medicare coverage enough?	7	informational	medium	keep	is-original-medicare-coverage-enough
2026-03-14	medicare advantage plans in aitkin county	2	purchase	low	skip	
2026-03-14	medicare supplement (medigap) plan d	6	comparison	medium	keep	medicare-supplement-medigap-plan-d
2026-03-14	why medicare supplements offer peace of mind	8	informational	medium	keep	why-medicare-supplements-offer-peace-of-mind
2026-03-15	medicare supplement plan g cost calculator	10	purchase	high	keep	medicare-supplement-plan-g-cost-calculator
2026-03-15	medicare plan g vs plan n	10	comparison	high	keep	medicare-plan-g-vs-plan-n
2026-03-15	medicare supplement rates by age 2023	8	informational	medium	keep	medicare-supplement-rates-by-age
2026-03-15	all medicare plans g the same	9	informational	high	keep	are-all-medicare-plans-g-the-same
2026-03-15	switching from medicare advantage to medigap	9	purchase	medium	keep	switching-from-medicare-advantage-to-medigap
2026-03-15	medicare supplement rate increase 2022	7	informational	low	keep	medicare-supplement-rate-increases
2026-03-15	medicare supplement plan (medigap) premium hikes	8	informational	medium	keep	medigap-premium-hikes
2026-03-15	how to handle medicare supplement rate increases with your	9	purchase	high	keep	how-to-handle-medicare-supplement-rate-increases
2026-03-15	mutual of omaha medicare supplement review	8	comparison	medium	keep	mutual-of-omaha-medicare-supplement-review
2026-03-15	aarp medicare supplement review: still worth it in 2025?	8	comparison	medium	keep	aarp-medicare-supplement-review
2026-03-15	medicare supplement new jersey reviews	10	comparison	medium	keep	medicare-supplement-new-jersey-reviews
2026-03-15	medicare supplement new jersey plan g phone number	10	purchase	high	keep	medicare-supplement-new-jersey-plan-g-phone-number
2026-03-15	best new jersey medicare supplement plans (2025 rates)	10	purchase	high	keep	best-new-jersey-medicare-supplement-plans
2026-03-15	medicare insurance broker in new jersey	10	purchase	high	keep	medicare-insurance-broker-in-new-jersey
2026-03-15	medicare insurance agent	7	informational	low	keep	medicare-insurance-agent
2026-03-15	what time of the year can you switch medicare supplement plans	9	purchase	high	keep	when-can-you-switch-medicare-supplement-plans
2026-03-15	medicare supplement open enrollment: when to sign up or switch	9	purchase	high	keep	medicare-supplement-open-enrollment-when-to-sign-up
2026-03-15	youtube medicare advantage vs supplement	5	informational	low	skip	
2026-03-15	can you have medicare advantage and medicare supplement	8	informational	medium	keep	can-you-have-medicare-advantage-and-medicare-supplement
2026-03-15	compare medigap and medicare advantage plans	9	comparison	high	keep	compare-medigap-and-medicare-advantage-plans
2026-03-15	medicare advantage vs. medicare supplement plans (medigap)	9	comparison	medium	skip	
2026-03-15	medicare supplement (medigap) vs. medicare advantage	9	comparison	medium	skip	
2026-03-15	medicare advantage vs. medicare supplement insurance (medigap)	9	comparison	medium	skip	
2026-03-15	the big choice: original medicare vs. medicare advantage	8	comparison	medium	keep	original-medicare-vs-medicare-advantage
2026-03-15	original medicare with a medigap vs. medicare advantage	9	comparison	high	keep	original-medicare-with-medigap-vs-medicare-advantage
2026-03-15	do any medicare supplement plans include dental	7	informational	medium	keep	do-medicare-supplement-plans-include-dental
2026-03-15	[pdf] dental benefits for patients dually eligible for medicare and medi	2	informational	low	skip	
2026-03-15	how often does medicare supplement cover eye exams	7	informational	medium	keep	how-often-does-medicare-supplement-cover-eye-exams
2026-03-15	does medicare cover eye exams?	6	informational	low	keep	does-medicare-cover-eye-exams
2026-03-15	what does plan g pay for in medicare	10	purchase	high	keep	what-does-plan-g-pay-for-in-medicare
2026-03-15	what does medicare plan g cover?	9	informational	high	keep	what-does-medicare-plan-g-cover
2026-03-15	medicare supplement high deductible plan g pros and cons	9	comparison	high	keep	medicare-supplement-high-deductible-plan-g-pros-and-cons
2026-03-15	medicare supplement high deductible plan g 2021	5	informational	low	skip	
2026-03-15	high deductible medicare supplement plans	9	comparison	high	keep	high-deductible-medicare-supplement-plans
2026-03-15	the best medicare plan for foreign travel	8	comparison	medium	keep	best-medicare-plan-for-foreign-travel
2026-03-15	what does medicare cover outside the u.s.?	7	informational	medium	keep	what-does-medicare-cover-outside-the-us
2026-03-15	medicare supplement foreign travel coverage	8	informational	medium	keep	medicare-supplement-foreign-travel-coverage
2026-03-15	medicare cost 2026 per month	6	informational	low	keep	medicare-cost-2026-per-month
2026-03-15	medicare supplement plans (medigap) in california from anthem	3	purchase	low	skip	
2026-03-15	what is the average cost of a medicare supplemental plan	9	informational	high	keep	average-cost-of-a-medicare-supplemental-plan
2026-03-15	best affordable medicare supplement plans	9	purchase	high	keep	best-affordable-medicare-supplement-plans
2026-03-15	affordable medicare supplement plans for seniors	9	purchase	high	keep	affordable-medicare-supplement-plans-for-seniors
2026-03-15	shop aarp medicare supplement plans	7	purchase	medium	keep	shop-aarp-medicare-supplement-plans
2026-03-15	the best medicare supplement plans in 2025	10	comparison	high	keep	best-medicare-supplement-plans-2025
2026-03-15	plan g medicare cost	10	purchase	high	keep	plan-g-medicare-cost
2026-03-15	is medicare plan g in nj	10	purchase	high	skip	
2026-03-15	medicare plan g cost	10	comparison	high	keep	medicare-plan-g-cost
2026-03-15	the average medicare cost in every state	3	informational	low	skip	
2026-03-15	how much is plan g in nj for 70 year old with medicare	10	purchase	high	keep	plan-g-nj-70-year-old
2026-03-15	how much is medicare plan g	10	comparison	medium	skip	
2026-03-15	is medicare part g in new jersey	9	informational	medium	skip	
2026-03-15	the cost of medicare part g for 2026	9	comparison	high	keep	cost-of-medicare-part-g-2026
2026-03-15	is blue cross blue shield medicare supplement plan g	9	purchase	high	keep	blue-cross-blue-shield-medicare-supplement-plan-g
2026-03-15	best medicare supplement rates for ages 70 to 75 (new for 2025)	10	purchase	high	keep	best-medicare-supplement-rates-ages-70-to-75
2026-03-15	medicare supplement plan g cost explained simply	10	informational	medium	keep	medicare-supplement-plan-g-cost-explained-simply
2026-03-15	best medicare supplement plans in new jersey for 2025	10	purchase	high	keep	best-medicare-supplement-plans-new-jersey-2025
2026-03-15	medicare open enrollment 2026 deadline	5	informational	low	skip	
2026-03-15	when to sign up for medicare if still working	6	informational	medium	keep	when-to-sign-up-for-medicare-if-still-working
2026-03-15	i enroll in a medicare supplement plan anytime	9	purchase	high	keep	enroll-in-medicare-supplement-plan-anytime
2026-03-15	how long does it take to enroll in medicare supplements	8	purchase	medium	keep	how-long-does-it-take-to-enroll-in-medicare-supplements
2026-03-15	how soon after i enroll will my medicare benefits begin?	5	informational	low	keep	how-soon-after-i-enroll-will-my-medicare-benefits-begin
2026-03-15	5 things you need to know about signing up for medicare	5	informational	low	keep	5-things-you-need-to-know-about-signing-up-for-medicare
2026-03-15	when will my medicare get approved?	4	informational	low	keep	when-will-my-medicare-get-approved
2026-03-15	how quickly can i get medicare supplement coverage reddit	9	purchase	high	keep	how-quickly-can-i-get-medicare-supplement-coverage
2026-03-15	does medicare pay for zepbound	2	informational	low	skip	
2026-03-15	when to get medicare supplement insurance or medigap	10	purchase	high	keep	when-to-get-medicare-supplement-insurance-or-medigap
2026-03-15	medicare enrollment periods: when can i enroll?	6	informational	medium	keep	medicare-enrollment-periods-when-can-i-enroll
2026-03-15	eligibility for medicare supplement plans (medigap)	10	purchase	high	keep	eligibility-for-medicare-supplement-plans-medigap
2026-03-15	same day medicare supplement enrollment reddit	9	purchase	high	keep	same-day-medicare-supplement-enrollment
2026-03-15	same day medicare supplement enrollment california	4	purchase	low	skip	
2026-03-15	can i get a medicare supplement insurance plan anytime?	9	purchase	high	keep	can-i-get-a-medicare-supplement-insurance-plan-anytime
2026-03-15	when you can join, leave or switch medicare advantage plans	7	comparison	medium	keep	when-you-can-join-leave-or-switch-medicare-advantage-plans
2026-03-15	does medicare cover nursing home care for parkinson's disease	3	informational	low	skip	
2026-03-15	does medicare cover parkinson's disease	3	informational	low	skip	
2026-03-15	does medicare cover physical therapy for parkinson's	3	informational	low	skip	
2026-03-15	does medicare pay for parkinson's care	4	informational	low	skip	
2026-03-15	medicare open enrollment: tips for people with parkinson's	5	informational	low	skip	
2026-03-15	medicare coverage for parkinson's disease	5	informational	medium	keep	hub/medicare-coverage-for-parkinsons-disease
2026-03-15	does medicare provide coverage for parkinson's disease?	4	informational	low	skip	
2026-03-15	what does medicare cover for parkinsons?	4	informational	low	skip	
2026-03-15	parkinson's disease and medicare coverage	4	informational	low	skip	
2026-03-15	does medicare cover treatment for parkinson's disease?	4	informational	low	skip	
2026-03-15	best c-snp medicare advantage plans	5	comparison	medium	keep	hub/best-c-snp-medicare-advantage-plans
2026-03-15	who qualifies for medicare special needs plans	5	informational	medium	keep	hub/who-qualifies-for-medicare-special-needs-plans
2026-03-15	people with crohn's get medicare	3	informational	low	skip	
2026-03-15	medicare plan is best for chronic illness	7	comparison	high	keep	hub/best-medicare-plan-for-chronic-illness
2026-03-15	choosing medicare coverage for chronic conditions	7	comparison	medium	skip	
2026-03-15	best medicare plan for someone with diabetes type 2	7	comparison	high	keep	hub/best-medicare-plan-for-type-2-diabetes
2026-03-15	medicare for diabetes under 65	3	informational	low	skip	
2026-03-15	does medicare cover diabetes medication	5	informational	low	skip	
2026-03-15	best medicare plan for someone with diabetes in texas	5	purchase	low	skip	
2026-03-15	does medicare cover insulin pumps for type 2 diabetes	3	informational	low	skip	
2026-03-15	list of insulin covered by medicare	2	informational	low	skip	
2026-03-15	what medicare plan is best for diabetics	7	comparison	high	keep	what-medicare-plan-is-best-for-diabetics
2026-03-15	is medicare plan g the best	10	comparison	high	keep	is-medicare-plan-g-the-best
2026-03-15	does medicare cover a1c blood work	3	informational	low	skip	
2026-03-15	what's the best medicare plan for diabetics: a comprehensive ...	6	comparison	low	skip	
2026-03-15	what does medicare cover for diabetics?	4	informational	low	skip	
2026-03-15	[pdf] medicare coverage of diabetes supplies, services, & prevention ...	1	informational	low	skip	
2026-03-15	diabetes and insulin: a guide to paying with medicare	3	informational	low	skip	
2026-03-15	best medicare supplement plans for diabetes	9	purchase	high	keep	best-medicare-supplement-plans-for-diabetes
2026-03-15	the best medicare supplement plan for diabetes	9	purchase	medium	skip	
2026-03-15	understanding medicare coverage with diabetes	5	informational	low	skip	
2026-03-15	what does medicare cover for diabetes? supplies, insulin & care	4	informational	low	skip	
2026-03-15	best medicare plan for someone with copd for seniors	7	purchase	medium	keep	best-medicare-plan-for-someone-with-copd
2026-03-15	best medicare plan for someone with copd in california	3	purchase	low	skip	
2026-03-15	how much does medicare pay for pulmonary rehab	3	informational	low	skip	
2026-03-15	list of inhalers covered by medicare	2	informational	low	skip	
2026-03-15	copd inhalers covered by medicare	2	informational	low	skip	
2026-03-15	you get medicare if you have copd	3	informational	low	skip	
2026-03-15	a guide to medicare coverage for copd	5	informational	medium	keep	hub/medicare-coverage-for-copd
2026-03-15	can medicare help with copd?	4	informational	low	skip	
2026-03-15	copd and medicare made simple: understanding your benefits	4	informational	low	skip	
2026-03-15	does medicare cover copd inhalers? coverage, costs, and more	2	informational	low	skip	
2026-03-15	understand copd and what medicare covers	4	informational	low	skip	
2026-03-15	best medicare options with copd	6	comparison	medium	keep	hub/best-medicare-options-with-copd
2026-03-15	copd action plans: what they are and how medicare coverage ...	3	informational	low	skip	
2026-03-15	medicare coverage for copd (updated!)	4	informational	low	skip	
2026-03-15	best medicare plan for someone with heart disease in texas	6	purchase	medium	keep	hub/best-medicare-plan-for-heart-disease-in-texas
2026-03-15	does medicare cover heart stents	5	informational	medium	keep	hub/does-medicare-cover-heart-stents
2026-03-15	how much does medicare pay for heart catheterization	3	informational	low	skip	
2026-03-15	medicare guidelines for cardiac catheterization	2	informational	low	skip	
2026-03-15	how much does open heart surgery cost with medicare	5	informational	medium	keep	hub/open-heart-surgery-cost-with-medicare
2026-03-15	medicare and heart disease: what's covered and what's not?	5	informational	medium	keep	hub/medicare-and-heart-disease-whats-covered
2026-03-15	does medicare cover heart disease?	4	informational	low	skip	
2026-03-15	medicare advantage & your heart health	4	informational	low	skip	
2026-03-15	find the right medicare coverage plan for you	6	purchase	low	skip	
2026-03-15	medicare's coverage of major heart conditions	5	informational	low	skip	
2026-03-15	medicare and cardiovascular disease: coverage, tests, and more	5	informational	low	skip	
2026-03-15	best medicare part d plan for cancer drugs	2	comparison	low	skip	
2026-03-15	does medicare cover cancer treatment after age 76	4	informational	medium	keep	hub/does-medicare-cover-cancer-treatment-after-age-76
2026-03-15	does stage 4 cancer qualify for medicare	3	informational	low	skip	
2026-03-15	medicare for cancer patients under 65	3	informational	low	skip	
2026-03-15	does medicare advantage cover cancer treatment	4	informational	low	skip	
2026-03-15	medicare advantage plans for cancer patients	4	comparison	medium	keep	hub/medicare-advantage-plans-for-cancer-patients
2026-03-15	do medicare advantage plans cover chemotherapy	6	informational	medium	keep	do-medicare-advantage-plans-cover-chemotherapy
2026-03-15	the best medicare insurance for cancer patients	8	comparison	high	keep	best-medicare-insurance-for-cancer-patients
2026-03-15	cancer patients: which medicare plan is best?	8	comparison	low	skip	
2026-03-15	choosing the right medicare program when you have cancer	8	comparison	low	skip	
2026-03-15	choosing the right medicare plan when you have cancer	8	comparison	high	keep	choosing-the-right-medicare-plan-when-you-have-cancer
2026-03-15	what are the best medicare plans for cancer patients?	8	comparison	low	skip	
2026-03-15	does medicare cover cancer treatment?	7	informational	medium	keep	does-medicare-cover-cancer-treatment
2026-03-15	what does medicare cover for cancer?	7	informational	low	skip	
2026-03-15	[pdf] medicare coverage of cancer treatment services	3	informational	low	skip	
2026-03-15	are medicare advantage plans bad for people with cancer?	7	comparison	high	keep	are-medicare-advantage-plans-bad-for-people-with-cancer
2026-03-15	does medicare cover cancer screenings, chemo & radiation?	7	informational	medium	keep	does-medicare-cover-cancer-screenings-chemo-radiation
2026-03-15	how long does medicare pay for dialysis	5	informational	medium	keep	how-long-does-medicare-pay-for-dialysis
2026-03-15	how much does medicare advantage pay for dialysis	5	informational	low	keep	how-much-does-medicare-advantage-pay-for-dialysis
2026-03-15	why is end stage renal disease covered by medicare	4	informational	low	keep	why-is-end-stage-renal-disease-covered-by-medicare
2026-03-15	applying for medicare after kidney transplant	5	informational	medium	keep	applying-for-medicare-after-kidney-transplant
2026-03-15	medicare advantage plans for ckd and esrd	4	informational	low	skip	
2026-03-15	new medicare option for dialysis patients	3	informational	low	skip	
2026-03-15	what is the best medicare plan for dialysis?	4	comparison	low	skip	
2026-03-15	medicare advantage & esrd, what you should know	3	informational	low	skip	
2026-03-15	medicare advantage eligibility for people with esrd	3	informational	low	skip	
2026-03-15	medicare helps manage arthritis in seniors	5	informational	low	skip	
2026-03-15	osteoarthritis in medicare: coverage details	5	informational	low	skip	
2026-03-15	how does medicare cover rheumatoid arthritis?	5	informational	low	skip	
2026-03-15	does medicare cover arthritis treatment?	6	informational	medium	keep	does-medicare-cover-arthritis-treatment
2026-03-15	does medicare cover rheumatoid arthritis?	5	informational	low	skip	
2026-03-15	medicare coverage for rheumatoid arthritis	5	informational	low	skip	
2026-03-15	understanding medicare advantage plans: what patients ...	3	informational	low	skip	
2026-03-15	a guide to medicare coverage for arthritis treatment	5	informational	low	skip	
2026-03-15	medicare coverage for dementia patients clarified	6	informational	medium	keep	medicare-coverage-for-dementia-patients
2026-03-15	how long does medicare cover home health care for dementia	6	informational	medium	keep	how-long-does-medicare-cover-home-health-care-for-dementia
2026-03-15	does medicare cover dementia care facilities	4	informational	low	keep	does-medicare-cover-dementia-care-facilities
2026-03-15	how much does medicare pay for alzheimer's care	4	informational	low	keep	how-much-does-medicare-pay-for-alzheimers-care
2026-03-15	memory care facilities that accept medicare near me	2	purchase	low	skip	
2026-03-15	does medicare cover dementia and alzheimer's care?	4	informational	low	skip	
2026-03-15	medicare advantage plan benefits for alzheimer's / dementia	5	comparison	medium	keep	medicare-advantage-plan-benefits-for-alzheimers-dementia
2026-03-15	is memory care covered by medicare?	4	informational	low	keep	is-memory-care-covered-by-medicare
2026-03-15	does medicare cover alzheimer's care?	4	informational	medium	keep	does-medicare-cover-alzheimers-care
2026-03-15	how you can use medicare for dementia care	4	informational	low	skip	
2026-03-15	what medicare does and doesn't cover for alzheimer's care	4	informational	low	skip	
2026-03-15	does medicare cover memory care and dementia care?	4	informational	low	skip	
2026-03-15	best medicare plan for multiple sclerosis	7	purchase	high	keep	best-medicare-plan-for-multiple-sclerosis
2026-03-15	best medicare plan for someone with multiple sclerosis california	5	purchase	low	skip	
2026-03-15	does medicare cover ms drugs	5	informational	medium	keep	does-medicare-cover-ms-drugs
2026-03-15	multiple sclerosis and medicare coverage	6	informational	medium	keep	multiple-sclerosis-and-medicare-coverage
2026-03-15	how to choose the right ms specialist with medicare	4	informational	low	keep	how-to-choose-the-right-ms-specialist-with-medicare
2026-03-15	does medicare cover multiple sclerosis treatment?	4	informational	low	skip	
2026-03-15	medicare and ms: coverage, options, and costs	4	informational	low	skip	
2026-03-15	what is the best medicare plan for ms patients?	6	comparison	medium	keep	best-medicare-plan-for-ms-patients
2026-03-15	explore your medicare coverage options	3	informational	low	skip	
2026-03-15	does medicare pay for patient advocate	2	informational	low	skip	
2026-03-15	does medicare cover in-home care for parkinson's disease	4	informational	low	skip	
2026-03-15	solace medicare reviews	1	informational	low	skip	
2026-03-15	[pdf] medicare and parkinson's: what you need to know	3	informational	low	skip	
2026-03-15	find a parkinson's disease advocate covered by medicare	2	informational	low	skip	
2026-03-15	does medicare pay for parkinson's care?	4	informational	low	skip	
2026-03-15	medicare & parkinson's: what you need to know	5	informational	low	skip	
2026-03-15	gi services covered by medicare	3	informational	low	skip	
2026-03-15	medicare insurance brokers balch springs tx	2	purchase	low	skip	
2026-03-15	medicare supplement insurance for crohn's patients?	7	purchase	high	keep	medicare-supplement-insurance-for-crohns-patients
2026-03-15	diabetic supply companies approved by medicare	2	informational	low	skip	
2026-03-15	what's the best medicare plan for someone with diabetes	8	purchase	high	keep	best-medicare-plan-for-diabetes
2026-03-15	how often will medicare pay for an a1c test	4	informational	low	skip	
2026-03-15	medicare coverage for diabetes	7	informational	medium	keep	medicare-coverage-for-diabetes
2026-03-15	medicare coverage for diabetes and prediabetes guide	6	informational	low	skip	
2026-03-15	does medicare cover diabetic supplies?	5	informational	low	keep	does-medicare-cover-diabetic-supplies
2026-03-15	how does humana work with medicare	5	informational	low	skip	
2026-03-15	can you switch back to medicare from medicare advantage	9	purchase	high	keep	switch-back-to-medicare-from-medicare-advantage
2026-03-15	humana dropping medicare advantage plans	8	purchase	high	keep	humana-dropping-medicare-advantage-plans
2026-03-15	medicare plan d	3	informational	low	skip	
2026-03-15	you get a medicare supplement plan if you have a pre-existing condition	9	purchase	high	keep	medicare-supplement-plan-pre-existing-condition
2026-03-15	does medicare cover preexisting conditions?	7	informational	medium	keep	does-medicare-cover-preexisting-conditions
2026-03-15	does medicare advantage cover all pre	6	informational	low	skip	
2026-03-15	how does medicare view pre	5	informational	low	skip	
2026-03-15	using a medicare agent is free, but some come with a ...	7	informational	medium	keep	using-a-medicare-agent-is-free
2026-03-15	find a medicare insurance agent in north carolina	9	purchase	high	keep	medicare-insurance-agent-north-carolina
2026-03-15	how does a medicare broker get paid?	9	informational	high	keep	how-does-a-medicare-broker-get-paid
2026-03-15	do you need a medicare broker?	9	informational	high	keep	do-you-need-a-medicare-broker
2026-03-15	medicare supplemental insurance brokers	10	purchase	high	keep	medicare-supplemental-insurance-brokers
2026-03-15	diy medicare plan sign up myself or find a broker?	9	comparison	high	keep	diy-medicare-plan-sign-up-or-find-a-broker
2026-03-15	what is a medicare broker and why should you consider ...	9	informational	medium	keep	what-is-a-medicare-broker
2026-03-15	free medicare plan comparison california	4	purchase	low	skip	
2026-03-15	best free medicare plan comparison	7	comparison	medium	keep	best-free-medicare-plan-comparison
2026-03-15	medicare gov plan compare 2026	5	informational	low	skip	
2026-03-15	medicare gov plan compare 2025	5	informational	low	skip	
2026-03-15	list of medicare advantage plans	5	informational	low	skip	
2026-03-15	does medicare pay for pacemaker surgery	2	informational	low	skip	
2026-03-15	compare types of medicare advantage plans	6	comparison	medium	keep	compare-types-of-medicare-advantage-plans
2026-03-15	compare medicare advantage plans	6	comparison	medium	skip	
2026-03-15	compare medicare plans	7	comparison	medium	keep	compare-medicare-plans
2026-03-15	how to compare medicare advantage plans	6	informational	medium	keep	how-to-compare-medicare-advantage-plans
2026-03-15	compare, shop & enroll in medicare plans online	7	purchase	medium	keep	compare-shop-enroll-medicare-plans-online
2026-03-15	independent medicare broker near me new jersey reviews	10	purchase	high	keep	independent-medicare-broker-new-jersey-reviews
2026-03-15	best independent medicare broker near me new jersey	10	purchase	high	keep	best-independent-medicare-broker-new-jersey
2026-03-15	free independent medicare broker near me new jersey	10	purchase	high	keep	free-independent-medicare-broker-new-jersey
2026-03-15	nj medicare brokers	10	purchase	high	keep	nj-medicare-brokers
2026-03-15	medicare agents hub	5	informational	low	skip	
2026-03-15	select a medicare broker	8	purchase	medium	keep	select-a-medicare-broker
2026-03-15	find a medicare insurance agent in new jersey	10	purchase	high	keep	find-medicare-insurance-agent-new-jersey
2026-03-15	medicare agent that helps with paperwork near me	9	purchase	high	keep	medicare-agent-helps-with-paperwork
2026-03-15	medicare agent that helps with paperwork in texas	7	purchase	medium	keep	medicare-agent-helps-with-paperwork-texas
2026-03-15	free medicare agent that helps with paperwork	9	purchase	high	keep	free-medicare-agent-helps-with-paperwork
2026-03-15	medicare brokers near me	9	purchase	high	keep	medicare-brokers-near-me
2026-03-15	top 10 best medicare insurance broker in fort worth, tx	6	comparison	low	keep	best-medicare-insurance-broker-fort-worth-tx
2026-03-15	licensed medicare advisors near fort worth, tx	6	purchase	low	keep	licensed-medicare-advisors-fort-worth-tx
2026-03-15	euless tx medicare insurance services smart medigap plans	6	purchase	low	keep	euless-tx-medicare-insurance-smart-medigap-plans
2026-03-15	your trusted medicare advisor in texas	7	purchase	medium	keep	hub/trusted-medicare-advisor-texas
2026-03-15	find a medicare insurance agent in texas	7	purchase	medium	keep	hub/find-medicare-insurance-agent-texas
2026-03-15	medicare supplement plans in fort worth, texas	7	purchase	medium	keep	hub/medicare-supplement-plans-fort-worth-texas
2026-03-15	medicare supplement open enrollment	9	informational	high	keep	hub/medicare-supplement-open-enrollment
2026-03-15	medicare plan l	7	informational	low	keep	hub/medicare-plan-l
2026-03-15	medicare plan g reviews	10	comparison	high	keep	hub/medicare-plan-g-reviews
2026-03-15	what is medigap? your guide to medicare supplement	8	informational	medium	keep	hub/what-is-medigap-guide-to-medicare-supplement
2026-03-15	medicare part d prescription drug plans	4	informational	low	skip	
2026-03-15	the top 10 medicare supplement (medigap) companies	9	comparison	high	keep	hub/top-10-medicare-supplement-medigap-companies
2026-03-15	the average cost of medicare by state	5	informational	low	keep	hub/average-cost-of-medicare-by-state
2026-03-15	medicare supplement vs. medicare advantage: coverage	9	comparison	high	keep	hub/medicare-supplement-vs-medicare-advantage-coverage
2026-03-15	exploring your medigap options beyond medicare plan f and plan g	8	comparison	medium	keep	hub/medigap-options-beyond-plan-f-and-plan-g
2026-03-15	medicare supplemental insurance (medigap) costs	9	comparison	high	keep	hub/medicare-supplemental-insurance-medigap-costs
2026-03-15	get free medicare help with medicaresupplement.com	1	purchase	low	skip	
2026-03-15	compare medicare plans: three options to enhance coverage	7	comparison	medium	keep	hub/compare-medicare-plans-three-options-enhance-coverage
2026-03-15	medigap vs. medicare advantage: which is best for you?	9	comparison	high	keep	medigap-vs-medicare-advantage
2026-03-15	what services does medicare cover? [list]	4	informational	low	skip	
2026-03-15	medicare coverage simulator: calculate your medical bills	3	informational	low	skip	
2026-03-15	medicare premium changes	5	informational	low	keep	medicare-premium-changes
2026-03-15	medicare broker vs. agent	10	comparison	high	keep	medicare-broker-vs-agent
2026-03-15	capitol life medicare supplement plans for 2025	7	purchase	medium	keep	capitol-life-medicare-supplement-plans
2026-03-15	most popular medicare supplement plans for 2024	8	comparison	medium	keep	most-popular-medicare-supplement-plans
2026-03-15	8 under rated medicare supplement providers in 2024	7	comparison	medium	keep	underrated-medicare-supplement-providers
2026-03-15	most affordable medicare supplement plans in 2024	9	purchase	high	keep	most-affordable-medicare-supplement-plans
2026-03-15	which medicare plans include silversneakers	3	informational	low	skip	
2026-03-15	medicare supplements 2026: costs & key changes	8	informational	medium	keep	medicare-supplements-2026-costs-key-changes
2026-03-15	5 best medicare supplement insurance companies of 2026	9	purchase	high	keep	best-medicare-supplement-insurance-companies-2026
2026-03-15	top 3 best medicare supplement plans for 2025	9	purchase	high	keep	top-3-best-medicare-supplement-plans-2025
2026-03-15	6 best medicare supplemental insurance co's compared	9	purchase	high	keep	best-medicare-supplemental-insurance-companies-compared
2026-03-15	save on medicare supplement premiums	10	purchase	high	keep	save-on-medicare-supplement-premiums
2026-03-15	how much does medicare supplement plan g cost?	10	purchase	high	keep	hub/medicare-supplement-plan-g-cost
2026-03-15	medicare supplement medicare questions & answers	6	informational	medium	keep	hub/medicare-supplement-questions-and-answers
2026-03-15	what are the pros and cons of medicare supplement plan g vs ...	10	comparison	high	keep	hub/pros-and-cons-of-medicare-supplement-plan-g
2026-03-15	are medicare supplement plans the same as medicare secondary ...	7	informational	medium	keep	hub/medicare-supplement-vs-medicare-secondary-insurance
2026-03-15	explanation of differences of medicare advantage vs. medicare ...	9	comparison	high	keep	hub/medicare-advantage-vs-medicare-supplement-differences
2026-03-15	how can i save money on my medicare supplement?	10	purchase	high	keep	hub/save-money-on-medicare-supplement
2026-03-15	medicare advantage versus medicare supplement	9	comparison	medium	keep	hub/medicare-advantage-versus-medicare-supplement
2026-03-15	medicare supplement plan f	8	informational	medium	keep	hub/medicare-supplement-plan-f
2026-03-15	medicare supplement plan d	7	informational	low	keep	hub/medicare-supplement-plan-d
2026-03-15	medicare and retirement!	4	informational	low	skip	
2026-03-15	what will you be billed for a hospital stay with medicare coverage ...	7	informational	medium	keep	hub/hospital-stay-costs-with-medicare-coverage
2026-03-15	does income change the cost of medicare?	6	informational	medium	keep	hub/does-income-affect-medicare-cost
2026-03-15	medicare enrollment eligibility	7	informational	medium	keep	hub/medicare-enrollment-eligibility
2026-03-15	licensed medicare services nj	10	purchase	high	keep	hub/licensed-medicare-services-nj
2026-03-15	medicare supplement insurance middletown nj	10	purchase	high	keep	hub/medicare-supplement-insurance-middletown-nj
2026-03-15	medicare supplement newark nj	9	purchase	high	keep	medicare-supplement-newark-nj
2026-03-15	medicare supplement for people with crohns	7	informational	medium	keep	medicare-supplement-for-people-with-crohns
2026-03-15	medicare benefits available for chronic conditions	5	informational	low	keep	medicare-benefits-available-for-chronic-conditions
2026-03-15	medicare with crohns : r/crohnsdisease	4	informational	low	skip	
2026-03-15	medicare enrollment help for couples	8	purchase	high	keep	medicare-enrollment-help-for-couples
2026-03-15	medicare enrollment help for couples phone number	8	purchase	medium	skip	
2026-03-15	how to apply for medicare enrollment help for couples	7	informational	medium	skip	
2026-03-15	how to apply for medicare through spouse	6	informational	medium	keep	how-to-apply-for-medicare-through-spouse
2026-03-15	when can a spouse claim spousal medicare benefits	5	informational	low	keep	when-can-a-spouse-claim-spousal-medicare-benefits
2026-03-15	can you have medicare and spouse insurance at the same time	7	informational	medium	keep	can-you-have-medicare-and-spouse-insurance-at-the-same-time
2026-03-15	do i have to sign up for medicare if i am covered by my spouse's insurance	7	informational	medium	keep	do-i-have-to-sign-up-for-medicare-if-covered-by-spouse-insurance
2026-03-15	how to apply for medicare through spouse online	6	informational	low	skip	
2026-03-15	a guide to medicare benefits for spouses	7	informational	medium	keep	guide-to-medicare-benefits-for-spouses
2026-03-15	do i need medicare with spouse's insurance plan	7	informational	medium	skip	
2026-03-15	what happens when one spouse enrolls in medicare	7	informational	medium	keep	what-happens-when-one-spouse-enrolls-in-medicare
2026-03-15	plan for medicare	5	informational	low	skip	
2026-03-15	medicare coverage for you and your spouse	7	informational	medium	keep	medicare-coverage-for-you-and-your-spouse
2026-03-15	how to enroll in medicare on your spouse's work record	6	informational	medium	keep	enroll-in-medicare-on-spouses-work-record
2026-03-15	medicare supplement for teachers	9	purchase	high	keep	medicare-supplement-for-teachers
2026-03-15	best medicare supplement for teachers	9	purchase	high	skip	
2026-03-15	aetna medicare advantage plans nj	6	comparison	medium	keep	aetna-medicare-advantage-plans-nj
2026-03-15	aetna medicare nj well	4	informational	low	skip	
2026-03-15	trs care better than medicare	7	comparison	medium	keep	trs-care-better-than-medicare
2026-03-15	medicare benefits for retired teachers	8	informational	medium	keep	medicare-benefits-for-retired-teachers
2026-03-15	don't take the risk: why a medicare supplement plan is important	8	informational	medium	keep	why-a-medicare-supplement-plan-is-important
2026-03-15	enrollment in medicare	5	informational	low	skip	
2026-03-15	medicare supplement benefits for retired teachers and educators	9	purchase	high	skip	
2026-03-15	medicare supplement for people with copd	8	purchase	high	keep	medicare-supplement-for-people-with-copd
2026-03-15	types of medicare supplement plans	8	comparison	medium	keep	types-of-medicare-supplement-plans
2026-03-15	supplemental insurance plans for medicare	8	purchase	medium	skip	
2026-03-15	6 things to know about medicare when you have copd	5	informational	low	keep	hub/medicare-copd-coverage
2026-03-15	wondering if medicare helps with copd? learn what's ...	4	informational	low	skip	
2026-03-15	will medicare cover asthma and other breathing conditions?	5	informational	low	keep	hub/medicare-coverage-asthma-breathing-conditions
2026-03-15	medicare supplement for people with kidney disease	8	purchase	high	keep	hub/medicare-supplement-kidney-disease
2026-03-15	[pdf] medicare's coverage of kidney dialysis and kidney transplant benefits.	3	informational	low	skip	
2026-03-15	[pdf] medicare and people with end stage renal disease (esrd)	3	informational	low	skip	
2026-03-15	medicare supplement for people with arthritis	8	purchase	high	keep	hub/medicare-supplement-arthritis
2026-03-15	how medicare helps manage arthritis in seniors and people with disabilities	4	informational	low	skip	
2026-03-15	medigap may be elusive for medicare beneficiaries with pre	9	informational	high	keep	hub/medigap-pre-existing-conditions
2026-03-15	medicare supplement for self-employed	8	purchase	high	keep	hub/medicare-supplement-self-employed
2026-03-15	self-employed health insurance deduction for medicare premiums	4	informational	low	keep	hub/self-employed-health-insurance-deduction-medicare-premiums
2026-03-15	is medicare for self-employed	5	informational	low	skip	
2026-03-15	my llc pay for my medicare premiums	3	informational	low	skip	
2026-03-15	can i deduct my medicare premiums on my tax return?	3	informational	low	skip	
2026-03-15	are medicare and supplemental insurance premiums eligible for the ...	3	informational	low	skip	
2026-03-15	deducting medicare insurance payments if you are self	3	informational	low	skip	
2026-03-15	can you still get medicare if you're self	5	informational	low	skip	
2026-03-15	medicare supplement for union members	7	comparison	medium	keep	medicare-supplement-for-union-members
2026-03-15	united food and commercial workers unions offers medicare	4	informational	low	skip	
2026-03-15	iam retiree and medicare resource center	3	informational	low	skip	
2026-03-15	how ibx medicare plans support union retirees	3	informational	low	skip	
2026-03-15	medicare broker for small business owners	9	purchase	high	keep	medicare-broker-for-small-business-owners
2026-03-15	medicare broker for small business owners near me	9	purchase	high	skip	
2026-03-15	free medicare broker for small business owners	9	purchase	high	skip	
2026-03-15	best medicare broker for small business owners	9	purchase	high	skip	
2026-03-15	do small business owners pay into medicare	3	informational	low	skip	
2026-03-15	medicare enrollment help for self-employed	8	purchase	high	keep	medicare-enrollment-help-for-self-employed
2026-03-15	documentation required for medicare in united states	4	informational	low	skip	
2026-03-15	ssa gov medicare enrollment	2	informational	low	skip	
2026-03-15	medicare enrollment help for self employed california	4	purchase	low	skip	
2026-03-15	how to apply for medicare online	4	informational	low	skip	
2026-03-15	enroll in medicare	4	informational	low	skip	
2026-03-15	what documents do i need to apply for medicare online	3	informational	low	skip	
2026-03-15	does heart failure qualify for medicare	3	informational	low	skip	
2026-03-15	is the best person to talk to about signing up for medicare	7	comparison	medium	keep	hub/best-person-to-talk-to-about-signing-up-for-medicare
2026-03-15	the 3 month rule for medicare	5	informational	low	skip	
2026-03-15	sign up for medicare	4	informational	low	skip	
2026-03-15	how do i sign up for medicare?	4	informational	low	skip	
2026-03-15	rules for enrolling in medicare when self	5	informational	low	skip	
2026-03-15	medicare broker for people with parkinsons	9	purchase	high	keep	hub/medicare-broker-for-people-with-parkinsons
2026-03-15	medicare open enrollment: tips for people with ...	6	informational	medium	keep	hub/medicare-open-enrollment-tips-for-people-with-chronic-conditions
2026-03-15	licensed medicare advisors near gilroy, ca	3	purchase	low	skip	
2026-03-15	medicare enrollment help for people with crohns	8	purchase	high	keep	hub/medicare-enrollment-help-for-people-with-crohns
2026-03-15	pan: inflammatory bowel disease (medicare)	4	informational	low	skip	
2026-03-15	medicare open enrollment is here—now through december 7! take ...	6	informational	low	skip	
2026-03-15	review medicare options for ibd care needs this open enrollment	3	informational	low	skip	
2026-03-15	eligibility requirements for medicare's chronic condition snp	2	informational	low	skip	
2026-03-15	pan: inflammatory bowel disease (medicare): waitlist	1	informational	low	skip	
