date	query	domain	position	url
2026-07-15	best medicare supplement plans new jersey 2026	mediplansnj.com	-1	
2026-07-15	best medicare supplement plans new jersey 2026	njseniorhealth.com	-1	
2026-07-15	best medicare supplement plans new jersey 2026	njlifeandhealth.com	-1	
2026-07-15	best medicare supplement plans new jersey 2026	thebig65.com	2	https://thebig65.com/medigap-plans-nj/
2026-07-15	best medigap plans in NJ	mediplansnj.com	-1	
2026-07-15	best medigap plans in NJ	njseniorhealth.com	-1	
2026-07-15	best medigap plans in NJ	njlifeandhealth.com	-1	
2026-07-15	best medigap plans in NJ	thebig65.com	3	https://thebig65.com/medigap-plans-nj/
2026-07-15	best medigap plans new jersey	mediplansnj.com	-1	
2026-07-15	best medigap plans new jersey	njseniorhealth.com	-1	
2026-07-15	best medigap plans new jersey	njlifeandhealth.com	-1	
2026-07-15	best medigap plans new jersey	thebig65.com	7	https://thebig65.com/medigap-plans-nj/
2026-07-15	medigap plan g new jersey cost	mediplansnj.com	-1	
2026-07-15	medigap plan g new jersey cost	njseniorhealth.com	-1	
2026-07-15	medigap plan g new jersey cost	njlifeandhealth.com	-1	
2026-07-15	medigap plan g new jersey cost	thebig65.com	7	https://thebig65.com/medigap-plans-nj/
2026-07-15	medicare supplement vs medicare advantage new jersey	mediplansnj.com	-1	
2026-07-15	medicare supplement vs medicare advantage new jersey	njseniorhealth.com	-1	
2026-07-15	medicare supplement vs medicare advantage new jersey	njlifeandhealth.com	-1	
2026-07-15	medicare supplement vs medicare advantage new jersey	thebig65.com	-1	
2026-07-15	turning 65 in new jersey medicare	mediplansnj.com	-1	
2026-07-15	turning 65 in new jersey medicare	njseniorhealth.com	0	https://www.njseniorhealth.com/turning-65/turning-65-_-welcome-to-medicare
2026-07-15	turning 65 in new jersey medicare	njlifeandhealth.com	2	https://www.njlifeandhealth.com/medicare/turning-65
2026-07-15	turning 65 in new jersey medicare	thebig65.com	-1	
2026-07-15	plan g vs plan n new jersey	mediplansnj.com	-1	
2026-07-15	plan g vs plan n new jersey	njseniorhealth.com	-1	
2026-07-15	plan g vs plan n new jersey	njlifeandhealth.com	8	https://www.njlifeandhealth.com/medicare/medicare-supplements/new-jersey
2026-07-15	plan g vs plan n new jersey	thebig65.com	-1	
2026-07-15	what is medigap insurance	mediplansnj.com	-1	
2026-07-15	what is medigap insurance	njseniorhealth.com	-1	
2026-07-15	what is medigap insurance	njlifeandhealth.com	-1	
2026-07-15	what is medigap insurance	thebig65.com	-1	
2026-07-15	what is medigap	mediplansnj.com	-1	
2026-07-15	what is medigap	njseniorhealth.com	-1	
2026-07-15	what is medigap	njlifeandhealth.com	-1	
2026-07-15	what is medigap	thebig65.com	-1	
2026-07-15	medicare supplement plans pennsylvania 2026	mediplansnj.com	-1	
2026-07-15	medicare supplement plans pennsylvania 2026	njseniorhealth.com	-1	
2026-07-15	medicare supplement plans pennsylvania 2026	njlifeandhealth.com	-1	
2026-07-15	medicare supplement plans pennsylvania 2026	thebig65.com	8	https://thebig65.com/pennsylvania-medigap-plans-guide/
2026-07-15	best medicare supplement plans pennsylvania	mediplansnj.com	-1	
2026-07-15	best medicare supplement plans pennsylvania	njseniorhealth.com	-1	
2026-07-15	best medicare supplement plans pennsylvania	njlifeandhealth.com	-1	
2026-07-15	best medicare supplement plans pennsylvania	thebig65.com	-1	
2026-07-15	medicare parts a b c d explained	mediplansnj.com	-1	
2026-07-15	medicare parts a b c d explained	njseniorhealth.com	-1	
2026-07-15	medicare parts a b c d explained	njlifeandhealth.com	-1	
2026-07-15	medicare parts a b c d explained	thebig65.com	-1	
2026-07-15	medigap open enrollment new jersey	mediplansnj.com	-1	
2026-07-15	medigap open enrollment new jersey	njseniorhealth.com	9	https://www.njseniorhealth.com/articles/changing-medigap-plans
2026-07-15	medigap open enrollment new jersey	njlifeandhealth.com	-1	
2026-07-15	medigap open enrollment new jersey	thebig65.com	-1	
2026-07-15	switch medigap plans	mediplansnj.com	-1	
2026-07-15	switch medigap plans	njseniorhealth.com	-1	
2026-07-15	switch medigap plans	njlifeandhealth.com	-1	
2026-07-15	switch medigap plans	thebig65.com	-1	
2026-07-15	how to sign up for medicare	mediplansnj.com	-1	
2026-07-15	how to sign up for medicare	njseniorhealth.com	-1	
2026-07-15	how to sign up for medicare	njlifeandhealth.com	-1	
2026-07-15	how to sign up for medicare	thebig65.com	-1	
2026-07-15	medicare help low income	mediplansnj.com	-1	
2026-07-15	medicare help low income	njseniorhealth.com	-1	
2026-07-15	medicare help low income	njlifeandhealth.com	-1	
2026-07-15	medicare help low income	thebig65.com	-1	
2026-07-15	irmaa medicare surcharge	mediplansnj.com	-1	
2026-07-15	irmaa medicare surcharge	njseniorhealth.com	-1	
2026-07-15	irmaa medicare surcharge	njlifeandhealth.com	-1	
2026-07-15	irmaa medicare surcharge	thebig65.com	-1	
2026-07-15	best plan g rates in new jersey	mediplansnj.com	-1	
2026-07-15	best plan g rates in new jersey	njseniorhealth.com	-1	
2026-07-15	best plan g rates in new jersey	njlifeandhealth.com	-1	
2026-07-15	best plan g rates in new jersey	thebig65.com	5	https://thebig65.com/medigap-plans-nj/
2026-07-15	mutual of omaha medigap review	mediplansnj.com	-1	
2026-07-15	mutual of omaha medigap review	njseniorhealth.com	-1	
2026-07-15	mutual of omaha medigap review	njlifeandhealth.com	-1	
2026-07-15	mutual of omaha medigap review	thebig65.com	-1	
2026-07-15	humana medicare supplement review	mediplansnj.com	-1	
2026-07-15	humana medicare supplement review	njseniorhealth.com	-1	
2026-07-15	humana medicare supplement review	njlifeandhealth.com	-1	
2026-07-15	humana medicare supplement review	thebig65.com	-1	
2026-07-15	medico medicare supplement review	mediplansnj.com	-1	
2026-07-15	medico medicare supplement review	njseniorhealth.com	-1	
2026-07-15	medico medicare supplement review	njlifeandhealth.com	-1	
2026-07-15	medico medicare supplement review	thebig65.com	-1	
2026-07-15	bankers fidelity medicare supplement review	mediplansnj.com	-1	
2026-07-15	bankers fidelity medicare supplement review	njseniorhealth.com	-1	
2026-07-15	bankers fidelity medicare supplement review	njlifeandhealth.com	-1	
2026-07-15	bankers fidelity medicare supplement review	thebig65.com	-1	
2026-07-15	woodmenlife medicare supplement review	mediplansnj.com	-1	
2026-07-15	woodmenlife medicare supplement review	njseniorhealth.com	-1	
2026-07-15	woodmenlife medicare supplement review	njlifeandhealth.com	-1	
2026-07-15	woodmenlife medicare supplement review	thebig65.com	-1	
2026-07-15	compare medigap policies	mediplansnj.com	-1	
2026-07-15	compare medigap policies	njseniorhealth.com	-1	
2026-07-15	compare medigap policies	njlifeandhealth.com	-1	
2026-07-15	compare medigap policies	thebig65.com	-1	
2026-07-15	medicare broker nj	mediplansnj.com	-1	
2026-07-15	medicare broker nj	njseniorhealth.com	1	https://www.njseniorhealth.com/
2026-07-15	medicare broker nj	njlifeandhealth.com	2	https://www.njlifeandhealth.com/new-jersey-medicare-brokers
2026-07-15	medicare broker nj	thebig65.com	9	https://thebig65.com/new-jersey-medicare-insurance-broker/
2026-07-15	medicare broker new jersey	mediplansnj.com	8	https://www.mediplansnj.com/
2026-07-15	medicare broker new jersey	njseniorhealth.com	1	https://www.njseniorhealth.com/
2026-07-15	medicare broker new jersey	njlifeandhealth.com	3	https://www.njlifeandhealth.com/new-jersey-medicare-brokers
2026-07-15	medicare broker new jersey	thebig65.com	4	https://thebig65.com/new-jersey-medicare-insurance-broker/
2026-07-15	medicare agent new jersey	mediplansnj.com	-1	
2026-07-15	medicare agent new jersey	njseniorhealth.com	1	https://www.njseniorhealth.com/
2026-07-15	medicare agent new jersey	njlifeandhealth.com	3	https://www.njlifeandhealth.com/
2026-07-15	medicare agent new jersey	thebig65.com	-1	
2026-07-15	best medicare broker nj	mediplansnj.com	8	https://www.mediplansnj.com/
2026-07-15	best medicare broker nj	njseniorhealth.com	1	https://www.njseniorhealth.com/
2026-07-15	best medicare broker nj	njlifeandhealth.com	2	https://www.njlifeandhealth.com/new-jersey-medicare-brokers
2026-07-15	best medicare broker nj	thebig65.com	4	https://thebig65.com/new-jersey-medicare-insurance-broker/
2026-07-15	medicare broker near me new jersey	mediplansnj.com	-1	
2026-07-15	medicare broker near me new jersey	njseniorhealth.com	1	https://www.njseniorhealth.com/
2026-07-15	medicare broker near me new jersey	njlifeandhealth.com	2	https://www.njlifeandhealth.com/new-jersey-medicare-brokers
2026-07-15	medicare broker near me new jersey	thebig65.com	4	https://thebig65.com/new-jersey-medicare-insurance-broker/
2026-07-15	cherry hill nj medicare agent	mediplansnj.com	2	https://www.mediplansnj.com/
2026-07-15	cherry hill nj medicare agent	njseniorhealth.com	-1	
2026-07-15	cherry hill nj medicare agent	njlifeandhealth.com	-1	
2026-07-15	cherry hill nj medicare agent	thebig65.com	-1	
2026-07-15	medicare broker camden county nj	mediplansnj.com	-1	
2026-07-15	medicare broker camden county nj	njseniorhealth.com	-1	
2026-07-15	medicare broker camden county nj	njlifeandhealth.com	5	https://www.njlifeandhealth.com/new-jersey-medicare-brokers
2026-07-15	medicare broker camden county nj	thebig65.com	7	https://thebig65.com/new-jersey-medicare-insurance-broker/
2026-07-15	medicare broker ocean county nj	mediplansnj.com	-1	
2026-07-15	medicare broker ocean county nj	njseniorhealth.com	2	https://www.njseniorhealth.com/nj-service-areas/ocean-county
2026-07-15	medicare broker ocean county nj	njlifeandhealth.com	1	https://www.njlifeandhealth.com/new-jersey-medicare-brokers/ocean-county
2026-07-15	medicare broker ocean county nj	thebig65.com	-1	
2026-07-15	medicare broker bergen county nj	mediplansnj.com	-1	
2026-07-15	medicare broker bergen county nj	njseniorhealth.com	9	https://www.njseniorhealth.com/nj-service-areas/bergen-county
2026-07-15	medicare broker bergen county nj	njlifeandhealth.com	1	https://www.njlifeandhealth.com/new-jersey-medicare-brokers/bergen-county
2026-07-15	medicare broker bergen county nj	thebig65.com	10	https://thebig65.com/new-jersey-medicare-insurance-broker/
2026-07-15	medicare broker monmouth county nj	mediplansnj.com	-1	
2026-07-15	medicare broker monmouth county nj	njseniorhealth.com	2	https://www.njseniorhealth.com/nj-service-areas/monmouth-county
2026-07-15	medicare broker monmouth county nj	njlifeandhealth.com	1	https://www.njlifeandhealth.com/new-jersey-medicare-brokers/monmouth-county
2026-07-15	medicare broker monmouth county nj	thebig65.com	10	https://thebig65.com/new-jersey-medicare-insurance-broker/
2026-07-15	medicare agent toms river nj	mediplansnj.com	-1	
2026-07-15	medicare agent toms river nj	njseniorhealth.com	-1	
2026-07-15	medicare agent toms river nj	njlifeandhealth.com	1	https://www.njlifeandhealth.com/
2026-07-15	medicare agent toms river nj	thebig65.com	-1	
2026-07-15	medicare agent lakewood nj	mediplansnj.com	-1	
2026-07-15	medicare agent lakewood nj	njseniorhealth.com	-1	
2026-07-15	medicare agent lakewood nj	njlifeandhealth.com	4	https://www.njlifeandhealth.com/new-jersey-medicare-brokers/ocean-county
2026-07-15	medicare agent lakewood nj	thebig65.com	-1	
2026-07-15	new jersey medigap rates	mediplansnj.com	-1	
2026-07-15	new jersey medigap rates	njseniorhealth.com	-1	
2026-07-15	new jersey medigap rates	njlifeandhealth.com	-1	
2026-07-15	new jersey medigap rates	thebig65.com	7	https://thebig65.com/medigap-plans-nj/
2026-07-16	best medicare supplement plans new jersey 2026	mediplansnj.com	-1	
2026-07-16	best medicare supplement plans new jersey 2026	njseniorhealth.com	-1	
2026-07-16	best medicare supplement plans new jersey 2026	njlifeandhealth.com	-1	
2026-07-16	best medicare supplement plans new jersey 2026	thebig65.com	2	https://thebig65.com/medigap-plans-nj/
2026-07-16	best medigap plans in NJ	mediplansnj.com	-1	
2026-07-16	best medigap plans in NJ	njseniorhealth.com	-1	
2026-07-16	best medigap plans in NJ	njlifeandhealth.com	-1	
2026-07-16	best medigap plans in NJ	thebig65.com	6	https://thebig65.com/medigap-plans-nj/
2026-07-16	best medigap plans new jersey	mediplansnj.com	-1	
2026-07-16	best medigap plans new jersey	njseniorhealth.com	-1	
2026-07-16	best medigap plans new jersey	njlifeandhealth.com	-1	
2026-07-16	best medigap plans new jersey	thebig65.com	7	https://thebig65.com/medigap-plans-nj/
2026-07-16	medigap plan g new jersey cost	mediplansnj.com	-1	
2026-07-16	medigap plan g new jersey cost	njseniorhealth.com	-1	
2026-07-16	medigap plan g new jersey cost	njlifeandhealth.com	-1	
2026-07-16	medigap plan g new jersey cost	thebig65.com	5	https://thebig65.com/medigap-plans-nj/
2026-07-16	medicare supplement vs medicare advantage new jersey	mediplansnj.com	-1	
2026-07-16	medicare supplement vs medicare advantage new jersey	njseniorhealth.com	-1	
2026-07-16	medicare supplement vs medicare advantage new jersey	njlifeandhealth.com	-1	
2026-07-16	medicare supplement vs medicare advantage new jersey	thebig65.com	-1	
2026-07-16	turning 65 in new jersey medicare	mediplansnj.com	-1	
2026-07-16	turning 65 in new jersey medicare	njseniorhealth.com	2	https://www.njseniorhealth.com/turning-65/turning-65-_-welcome-to-medicare
2026-07-16	turning 65 in new jersey medicare	njlifeandhealth.com	4	https://www.njlifeandhealth.com/medicare/turning-65
2026-07-16	turning 65 in new jersey medicare	thebig65.com	-1	
2026-07-16	plan g vs plan n new jersey	mediplansnj.com	-1	
2026-07-16	plan g vs plan n new jersey	njseniorhealth.com	-1	
2026-07-16	plan g vs plan n new jersey	njlifeandhealth.com	-1	
2026-07-16	plan g vs plan n new jersey	thebig65.com	-1	
2026-07-16	what is medigap insurance	mediplansnj.com	-1	
2026-07-16	what is medigap insurance	njseniorhealth.com	-1	
2026-07-16	what is medigap insurance	njlifeandhealth.com	-1	
2026-07-16	what is medigap insurance	thebig65.com	-1	
2026-07-16	what is medigap	mediplansnj.com	-1	
2026-07-16	what is medigap	njseniorhealth.com	-1	
2026-07-16	what is medigap	njlifeandhealth.com	-1	
2026-07-16	what is medigap	thebig65.com	-1	
2026-07-16	medicare supplement plans pennsylvania 2026	mediplansnj.com	-1	
2026-07-16	medicare supplement plans pennsylvania 2026	njseniorhealth.com	-1	
2026-07-16	medicare supplement plans pennsylvania 2026	njlifeandhealth.com	-1	
2026-07-16	medicare supplement plans pennsylvania 2026	thebig65.com	6	https://thebig65.com/pennsylvania-medigap-plans-guide/
2026-07-16	best medicare supplement plans pennsylvania	mediplansnj.com	-1	
2026-07-16	best medicare supplement plans pennsylvania	njseniorhealth.com	-1	
2026-07-16	best medicare supplement plans pennsylvania	njlifeandhealth.com	-1	
2026-07-16	best medicare supplement plans pennsylvania	thebig65.com	-1	
2026-07-16	medicare parts a b c d explained	mediplansnj.com	-1	
2026-07-16	medicare parts a b c d explained	njseniorhealth.com	-1	
2026-07-16	medicare parts a b c d explained	njlifeandhealth.com	-1	
2026-07-16	medicare parts a b c d explained	thebig65.com	-1	
2026-07-16	medigap open enrollment new jersey	mediplansnj.com	-1	
2026-07-16	medigap open enrollment new jersey	njseniorhealth.com	9	https://www.njseniorhealth.com/articles/changing-medigap-plans
2026-07-16	medigap open enrollment new jersey	njlifeandhealth.com	-1	
2026-07-16	medigap open enrollment new jersey	thebig65.com	-1	
2026-07-16	switch medigap plans	mediplansnj.com	-1	
2026-07-16	switch medigap plans	njseniorhealth.com	-1	
2026-07-16	switch medigap plans	njlifeandhealth.com	-1	
2026-07-16	switch medigap plans	thebig65.com	-1	
2026-07-16	how to sign up for medicare	mediplansnj.com	-1	
2026-07-16	how to sign up for medicare	njseniorhealth.com	-1	
2026-07-16	how to sign up for medicare	njlifeandhealth.com	-1	
2026-07-16	how to sign up for medicare	thebig65.com	-1	
2026-07-16	medicare help low income	mediplansnj.com	-1	
2026-07-16	medicare help low income	njseniorhealth.com	-1	
2026-07-16	medicare help low income	njlifeandhealth.com	-1	
2026-07-16	medicare help low income	thebig65.com	-1	
2026-07-16	irmaa medicare surcharge	mediplansnj.com	-1	
2026-07-16	irmaa medicare surcharge	njseniorhealth.com	-1	
2026-07-16	irmaa medicare surcharge	njlifeandhealth.com	-1	
2026-07-16	irmaa medicare surcharge	thebig65.com	-1	
2026-07-16	best plan g rates in new jersey	mediplansnj.com	-1	
2026-07-16	best plan g rates in new jersey	njseniorhealth.com	-1	
2026-07-16	best plan g rates in new jersey	njlifeandhealth.com	-1	
2026-07-16	best plan g rates in new jersey	thebig65.com	3	https://thebig65.com/medigap-plans-nj/
2026-07-16	mutual of omaha medigap review	mediplansnj.com	-1	
2026-07-16	mutual of omaha medigap review	njseniorhealth.com	-1	
2026-07-16	mutual of omaha medigap review	njlifeandhealth.com	-1	
2026-07-16	mutual of omaha medigap review	thebig65.com	-1	
2026-07-16	humana medicare supplement review	mediplansnj.com	-1	
2026-07-16	humana medicare supplement review	njseniorhealth.com	-1	
2026-07-16	humana medicare supplement review	njlifeandhealth.com	-1	
2026-07-16	humana medicare supplement review	thebig65.com	-1	
2026-07-16	medico medicare supplement review	mediplansnj.com	-1	
2026-07-16	medico medicare supplement review	njseniorhealth.com	-1	
2026-07-16	medico medicare supplement review	njlifeandhealth.com	-1	
2026-07-16	medico medicare supplement review	thebig65.com	-1	
2026-07-16	bankers fidelity medicare supplement review	mediplansnj.com	-1	
2026-07-16	bankers fidelity medicare supplement review	njseniorhealth.com	-1	
2026-07-16	bankers fidelity medicare supplement review	njlifeandhealth.com	-1	
2026-07-16	bankers fidelity medicare supplement review	thebig65.com	-1	
2026-07-16	woodmenlife medicare supplement review	mediplansnj.com	-1	
2026-07-16	woodmenlife medicare supplement review	njseniorhealth.com	-1	
2026-07-16	woodmenlife medicare supplement review	njlifeandhealth.com	-1	
2026-07-16	woodmenlife medicare supplement review	thebig65.com	-1	
2026-07-16	compare medigap policies	mediplansnj.com	-1	
2026-07-16	compare medigap policies	njseniorhealth.com	-1	
2026-07-16	compare medigap policies	njlifeandhealth.com	-1	
2026-07-16	compare medigap policies	thebig65.com	-1	
2026-07-16	medicare broker nj	mediplansnj.com	-1	
2026-07-16	medicare broker nj	njseniorhealth.com	1	https://www.njseniorhealth.com/
2026-07-16	medicare broker nj	njlifeandhealth.com	2	https://www.njlifeandhealth.com/new-jersey-medicare-brokers
2026-07-16	medicare broker nj	thebig65.com	8	https://thebig65.com/new-jersey-medicare-insurance-broker/
2026-07-16	medicare broker new jersey	mediplansnj.com	-1	
2026-07-16	medicare broker new jersey	njseniorhealth.com	1	https://www.njseniorhealth.com/
2026-07-16	medicare broker new jersey	njlifeandhealth.com	2	https://www.njlifeandhealth.com/new-jersey-medicare-brokers
2026-07-16	medicare broker new jersey	thebig65.com	9	https://thebig65.com/new-jersey-medicare-insurance-broker/
2026-07-16	medicare agent new jersey	mediplansnj.com	-1	
2026-07-16	medicare agent new jersey	njseniorhealth.com	1	https://www.njseniorhealth.com/
2026-07-16	medicare agent new jersey	njlifeandhealth.com	2	https://www.njlifeandhealth.com/
2026-07-16	medicare agent new jersey	thebig65.com	6	https://thebig65.com/new-jersey-medicare-insurance-broker/
2026-07-16	best medicare broker nj	mediplansnj.com	-1	
2026-07-16	best medicare broker nj	njseniorhealth.com	1	https://www.njseniorhealth.com/
2026-07-16	best medicare broker nj	njlifeandhealth.com	2	https://www.njlifeandhealth.com/new-jersey-medicare-brokers
2026-07-16	best medicare broker nj	thebig65.com	-1	
2026-07-16	medicare broker near me new jersey	mediplansnj.com	-1	
2026-07-16	medicare broker near me new jersey	njseniorhealth.com	1	https://www.njseniorhealth.com/
2026-07-16	medicare broker near me new jersey	njlifeandhealth.com	4	https://www.njlifeandhealth.com/new-jersey-medicare-brokers
2026-07-16	medicare broker near me new jersey	thebig65.com	9	https://thebig65.com/new-jersey-medicare-insurance-broker/
2026-07-16	cherry hill nj medicare agent	mediplansnj.com	2	https://www.mediplansnj.com/
2026-07-16	cherry hill nj medicare agent	njseniorhealth.com	-1	
2026-07-16	cherry hill nj medicare agent	njlifeandhealth.com	-1	
2026-07-16	cherry hill nj medicare agent	thebig65.com	-1	
2026-07-16	medicare broker camden county nj	mediplansnj.com	-1	
2026-07-16	medicare broker camden county nj	njseniorhealth.com	4	https://www.njseniorhealth.com/nj-service-areas/camden-county
2026-07-16	medicare broker camden county nj	njlifeandhealth.com	5	https://www.njlifeandhealth.com/new-jersey-medicare-brokers
2026-07-16	medicare broker camden county nj	thebig65.com	-1	
2026-07-16	medicare broker ocean county nj	mediplansnj.com	-1	
2026-07-16	medicare broker ocean county nj	njseniorhealth.com	1	https://www.njseniorhealth.com/nj-service-areas/ocean-county
2026-07-16	medicare broker ocean county nj	njlifeandhealth.com	2	https://www.njlifeandhealth.com/new-jersey-medicare-brokers/ocean-county
2026-07-16	medicare broker ocean county nj	thebig65.com	-1	
2026-07-16	medicare broker bergen county nj	mediplansnj.com	-1	
2026-07-16	medicare broker bergen county nj	njseniorhealth.com	5	https://www.njseniorhealth.com/nj-service-areas/bergen-county
2026-07-16	medicare broker bergen county nj	njlifeandhealth.com	1	https://www.njlifeandhealth.com/new-jersey-medicare-brokers/bergen-county
2026-07-16	medicare broker bergen county nj	thebig65.com	9	https://thebig65.com/new-jersey-medicare-insurance-broker/
2026-07-16	medicare broker monmouth county nj	mediplansnj.com	-1	
2026-07-16	medicare broker monmouth county nj	njseniorhealth.com	2	https://www.njseniorhealth.com/nj-service-areas/monmouth-county
2026-07-16	medicare broker monmouth county nj	njlifeandhealth.com	1	https://www.njlifeandhealth.com/new-jersey-medicare-brokers/monmouth-county
2026-07-16	medicare broker monmouth county nj	thebig65.com	-1	
2026-07-16	medicare agent toms river nj	mediplansnj.com	-1	
2026-07-16	medicare agent toms river nj	njseniorhealth.com	-1	
2026-07-16	medicare agent toms river nj	njlifeandhealth.com	1	https://www.njlifeandhealth.com/
2026-07-16	medicare agent toms river nj	thebig65.com	-1	
2026-07-16	medicare agent lakewood nj	mediplansnj.com	-1	
2026-07-16	medicare agent lakewood nj	njseniorhealth.com	-1	
2026-07-16	medicare agent lakewood nj	njlifeandhealth.com	7	https://www.njlifeandhealth.com/new-jersey-medicare-brokers/ocean-county
2026-07-16	medicare agent lakewood nj	thebig65.com	-1	
2026-07-16	new jersey medigap rates	mediplansnj.com	-1	
2026-07-16	new jersey medigap rates	njseniorhealth.com	-1	
2026-07-16	new jersey medigap rates	njlifeandhealth.com	-1	
2026-07-16	new jersey medigap rates	thebig65.com	7	https://thebig65.com/medigap-plans-nj/
2026-07-17	best medicare supplement plans new jersey 2026	mediplansnj.com	-1	
2026-07-17	best medicare supplement plans new jersey 2026	njseniorhealth.com	-1	
2026-07-17	best medicare supplement plans new jersey 2026	njlifeandhealth.com	-1	
2026-07-17	best medicare supplement plans new jersey 2026	thebig65.com	4	https://thebig65.com/medigap-plans-nj/
2026-07-17	best medigap plans in NJ	mediplansnj.com	-1	
2026-07-17	best medigap plans in NJ	njseniorhealth.com	-1	
2026-07-17	best medigap plans in NJ	njlifeandhealth.com	-1	
2026-07-17	best medigap plans in NJ	thebig65.com	2	https://thebig65.com/medigap-plans-nj/
2026-07-17	best medigap plans new jersey	mediplansnj.com	-1	
2026-07-17	best medigap plans new jersey	njseniorhealth.com	-1	
2026-07-17	best medigap plans new jersey	njlifeandhealth.com	-1	
2026-07-17	best medigap plans new jersey	thebig65.com	7	https://thebig65.com/medigap-plans-nj/
2026-07-17	medigap plan g new jersey cost	mediplansnj.com	-1	
2026-07-17	medigap plan g new jersey cost	njseniorhealth.com	-1	
2026-07-17	medigap plan g new jersey cost	njlifeandhealth.com	-1	
2026-07-17	medigap plan g new jersey cost	thebig65.com	-1	
2026-07-17	medicare supplement vs medicare advantage new jersey	mediplansnj.com	-1	
2026-07-17	medicare supplement vs medicare advantage new jersey	njseniorhealth.com	-1	
2026-07-17	medicare supplement vs medicare advantage new jersey	njlifeandhealth.com	-1	
2026-07-17	medicare supplement vs medicare advantage new jersey	thebig65.com	-1	
2026-07-17	turning 65 in new jersey medicare	mediplansnj.com	-1	
2026-07-17	turning 65 in new jersey medicare	njseniorhealth.com	2	https://www.njseniorhealth.com/turning-65/turning-65-_-welcome-to-medicare
2026-07-17	turning 65 in new jersey medicare	njlifeandhealth.com	4	https://www.njlifeandhealth.com/medicare/turning-65
2026-07-17	turning 65 in new jersey medicare	thebig65.com	-1	
2026-07-17	plan g vs plan n new jersey	mediplansnj.com	-1	
2026-07-17	plan g vs plan n new jersey	njseniorhealth.com	-1	
2026-07-17	plan g vs plan n new jersey	njlifeandhealth.com	-1	
2026-07-17	plan g vs plan n new jersey	thebig65.com	-1	
2026-07-17	what is medigap insurance	mediplansnj.com	-1	
2026-07-17	what is medigap insurance	njseniorhealth.com	-1	
2026-07-17	what is medigap insurance	njlifeandhealth.com	-1	
2026-07-17	what is medigap insurance	thebig65.com	-1	
2026-07-17	what is medigap	mediplansnj.com	-1	
2026-07-17	what is medigap	njseniorhealth.com	-1	
2026-07-17	what is medigap	njlifeandhealth.com	-1	
2026-07-17	what is medigap	thebig65.com	-1	
2026-07-17	medicare supplement plans pennsylvania 2026	mediplansnj.com	-1	
2026-07-17	medicare supplement plans pennsylvania 2026	njseniorhealth.com	-1	
2026-07-17	medicare supplement plans pennsylvania 2026	njlifeandhealth.com	-1	
2026-07-17	medicare supplement plans pennsylvania 2026	thebig65.com	7	https://thebig65.com/pennsylvania-medigap-plans-guide/
2026-07-17	best medicare supplement plans pennsylvania	mediplansnj.com	-1	
2026-07-17	best medicare supplement plans pennsylvania	njseniorhealth.com	-1	
2026-07-17	best medicare supplement plans pennsylvania	njlifeandhealth.com	-1	
2026-07-17	best medicare supplement plans pennsylvania	thebig65.com	-1	
2026-07-17	medicare parts a b c d explained	mediplansnj.com	-1	
2026-07-17	medicare parts a b c d explained	njseniorhealth.com	-1	
2026-07-17	medicare parts a b c d explained	njlifeandhealth.com	-1	
2026-07-17	medicare parts a b c d explained	thebig65.com	-1	
2026-07-17	medigap open enrollment new jersey	mediplansnj.com	-1	
2026-07-17	medigap open enrollment new jersey	njseniorhealth.com	6	https://www.njseniorhealth.com/articles/changing-medigap-plans
2026-07-17	medigap open enrollment new jersey	njlifeandhealth.com	-1	
2026-07-17	medigap open enrollment new jersey	thebig65.com	-1	
2026-07-17	switch medigap plans	mediplansnj.com	-1	
2026-07-17	switch medigap plans	njseniorhealth.com	-1	
2026-07-17	switch medigap plans	njlifeandhealth.com	-1	
2026-07-17	switch medigap plans	thebig65.com	-1	
2026-07-17	how to sign up for medicare	mediplansnj.com	-1	
2026-07-17	how to sign up for medicare	njseniorhealth.com	-1	
2026-07-17	how to sign up for medicare	njlifeandhealth.com	-1	
2026-07-17	how to sign up for medicare	thebig65.com	-1	
2026-07-17	medicare help low income	mediplansnj.com	-1	
2026-07-17	medicare help low income	njseniorhealth.com	-1	
2026-07-17	medicare help low income	njlifeandhealth.com	-1	
2026-07-17	medicare help low income	thebig65.com	-1	
2026-07-17	irmaa medicare surcharge	mediplansnj.com	-1	
2026-07-17	irmaa medicare surcharge	njseniorhealth.com	-1	
2026-07-17	irmaa medicare surcharge	njlifeandhealth.com	-1	
2026-07-17	irmaa medicare surcharge	thebig65.com	-1	
2026-07-17	best plan g rates in new jersey	mediplansnj.com	-1	
2026-07-17	best plan g rates in new jersey	njseniorhealth.com	-1	
2026-07-17	best plan g rates in new jersey	njlifeandhealth.com	-1	
2026-07-17	best plan g rates in new jersey	thebig65.com	3	https://thebig65.com/medigap-plans-nj/
2026-07-17	mutual of omaha medigap review	mediplansnj.com	-1	
2026-07-17	mutual of omaha medigap review	njseniorhealth.com	-1	
2026-07-17	mutual of omaha medigap review	njlifeandhealth.com	-1	
2026-07-17	mutual of omaha medigap review	thebig65.com	-1	
2026-07-17	humana medicare supplement review	mediplansnj.com	-1	
2026-07-17	humana medicare supplement review	njseniorhealth.com	-1	
2026-07-17	humana medicare supplement review	njlifeandhealth.com	-1	
2026-07-17	humana medicare supplement review	thebig65.com	-1	
2026-07-17	medico medicare supplement review	mediplansnj.com	-1	
2026-07-17	medico medicare supplement review	njseniorhealth.com	-1	
2026-07-17	medico medicare supplement review	njlifeandhealth.com	-1	
2026-07-17	medico medicare supplement review	thebig65.com	-1	
2026-07-17	bankers fidelity medicare supplement review	mediplansnj.com	-1	
2026-07-17	bankers fidelity medicare supplement review	njseniorhealth.com	-1	
2026-07-17	bankers fidelity medicare supplement review	njlifeandhealth.com	-1	
2026-07-17	bankers fidelity medicare supplement review	thebig65.com	-1	
2026-07-17	woodmenlife medicare supplement review	mediplansnj.com	-1	
2026-07-17	woodmenlife medicare supplement review	njseniorhealth.com	-1	
2026-07-17	woodmenlife medicare supplement review	njlifeandhealth.com	-1	
2026-07-17	woodmenlife medicare supplement review	thebig65.com	-1	
2026-07-17	compare medigap policies	mediplansnj.com	-1	
2026-07-17	compare medigap policies	njseniorhealth.com	-1	
2026-07-17	compare medigap policies	njlifeandhealth.com	-1	
2026-07-17	compare medigap policies	thebig65.com	-1	
2026-07-17	medicare broker nj	mediplansnj.com	-1	
2026-07-17	medicare broker nj	njseniorhealth.com	1	https://www.njseniorhealth.com/
2026-07-17	medicare broker nj	njlifeandhealth.com	2	https://www.njlifeandhealth.com/new-jersey-medicare-brokers
2026-07-17	medicare broker nj	thebig65.com	8	https://thebig65.com/new-jersey-medicare-insurance-broker/
2026-07-17	medicare broker new jersey	mediplansnj.com	8	https://www.mediplansnj.com/
2026-07-17	medicare broker new jersey	njseniorhealth.com	1	https://www.njseniorhealth.com/
2026-07-17	medicare broker new jersey	njlifeandhealth.com	3	https://www.njlifeandhealth.com/new-jersey-medicare-brokers
2026-07-17	medicare broker new jersey	thebig65.com	4	https://thebig65.com/new-jersey-medicare-insurance-broker/
2026-07-17	medicare agent new jersey	mediplansnj.com	-1	
2026-07-17	medicare agent new jersey	njseniorhealth.com	1	https://www.njseniorhealth.com/
2026-07-17	medicare agent new jersey	njlifeandhealth.com	4	https://www.njlifeandhealth.com/
2026-07-17	medicare agent new jersey	thebig65.com	-1	
2026-07-17	best medicare broker nj	mediplansnj.com	-1	
2026-07-17	best medicare broker nj	njseniorhealth.com	1	https://www.njseniorhealth.com/
2026-07-17	best medicare broker nj	njlifeandhealth.com	2	https://www.njlifeandhealth.com/new-jersey-medicare-brokers
2026-07-17	best medicare broker nj	thebig65.com	-1	
2026-07-17	medicare broker near me new jersey	mediplansnj.com	8	https://www.mediplansnj.com/
2026-07-17	medicare broker near me new jersey	njseniorhealth.com	1	https://www.njseniorhealth.com/
2026-07-17	medicare broker near me new jersey	njlifeandhealth.com	2	https://www.njlifeandhealth.com/new-jersey-medicare-brokers
2026-07-17	medicare broker near me new jersey	thebig65.com	-1	
2026-07-17	cherry hill nj medicare agent	mediplansnj.com	2	https://www.mediplansnj.com/
2026-07-17	cherry hill nj medicare agent	njseniorhealth.com	-1	
2026-07-17	cherry hill nj medicare agent	njlifeandhealth.com	-1	
2026-07-17	cherry hill nj medicare agent	thebig65.com	-1	
2026-07-17	medicare broker camden county nj	mediplansnj.com	-1	
2026-07-17	medicare broker camden county nj	njseniorhealth.com	5	https://www.njseniorhealth.com/nj-service-areas/camden-county
2026-07-17	medicare broker camden county nj	njlifeandhealth.com	3	https://www.njlifeandhealth.com/new-jersey-medicare-brokers
2026-07-17	medicare broker camden county nj	thebig65.com	-1	
2026-07-17	medicare broker ocean county nj	mediplansnj.com	-1	
2026-07-17	medicare broker ocean county nj	njseniorhealth.com	2	https://www.njseniorhealth.com/nj-service-areas/ocean-county
2026-07-17	medicare broker ocean county nj	njlifeandhealth.com	1	https://www.njlifeandhealth.com/new-jersey-medicare-brokers/ocean-county
2026-07-17	medicare broker ocean county nj	thebig65.com	-1	
2026-07-17	medicare broker bergen county nj	mediplansnj.com	-1	
2026-07-17	medicare broker bergen county nj	njseniorhealth.com	5	https://www.njseniorhealth.com/nj-service-areas/bergen-county
2026-07-17	medicare broker bergen county nj	njlifeandhealth.com	1	https://www.njlifeandhealth.com/new-jersey-medicare-brokers/bergen-county
2026-07-17	medicare broker bergen county nj	thebig65.com	8	https://thebig65.com/new-jersey-medicare-insurance-broker/
2026-07-17	medicare broker monmouth county nj	mediplansnj.com	-1	
2026-07-17	medicare broker monmouth county nj	njseniorhealth.com	-1	
2026-07-17	medicare broker monmouth county nj	njlifeandhealth.com	1	https://www.njlifeandhealth.com/new-jersey-medicare-brokers/monmouth-county
2026-07-17	medicare broker monmouth county nj	thebig65.com	-1	
2026-07-17	medicare agent toms river nj	mediplansnj.com	-1	
2026-07-17	medicare agent toms river nj	njseniorhealth.com	-1	
2026-07-17	medicare agent toms river nj	njlifeandhealth.com	2	https://www.njlifeandhealth.com/
2026-07-17	medicare agent toms river nj	thebig65.com	-1	
2026-07-17	medicare agent lakewood nj	mediplansnj.com	-1	
2026-07-17	medicare agent lakewood nj	njseniorhealth.com	-1	
2026-07-17	medicare agent lakewood nj	njlifeandhealth.com	7	https://www.njlifeandhealth.com/new-jersey-medicare-brokers/ocean-county
2026-07-17	medicare agent lakewood nj	thebig65.com	-1	
2026-07-17	new jersey medigap rates	mediplansnj.com	-1	
2026-07-17	new jersey medigap rates	njseniorhealth.com	-1	
2026-07-17	new jersey medigap rates	njlifeandhealth.com	-1	
2026-07-17	new jersey medigap rates	thebig65.com	-1	
2026-07-18	best medicare supplement plans new jersey 2026	mediplansnj.com	-1	
2026-07-18	best medicare supplement plans new jersey 2026	njseniorhealth.com	-1	
2026-07-18	best medicare supplement plans new jersey 2026	njlifeandhealth.com	-1	
2026-07-18	best medicare supplement plans new jersey 2026	thebig65.com	2	https://thebig65.com/medigap-plans-nj/
2026-07-18	best medigap plans in NJ	mediplansnj.com	-1	
2026-07-18	best medigap plans in NJ	njseniorhealth.com	-1	
2026-07-18	best medigap plans in NJ	njlifeandhealth.com	-1	
2026-07-18	best medigap plans in NJ	thebig65.com	5	https://thebig65.com/medigap-plans-nj/
2026-07-18	best medigap plans new jersey	mediplansnj.com	-1	
2026-07-18	best medigap plans new jersey	njseniorhealth.com	-1	
2026-07-18	best medigap plans new jersey	njlifeandhealth.com	-1	
2026-07-18	best medigap plans new jersey	thebig65.com	3	https://thebig65.com/medigap-plans-nj/
2026-07-18	medigap plan g new jersey cost	mediplansnj.com	-1	
2026-07-18	medigap plan g new jersey cost	njseniorhealth.com	6	https://www.njseniorhealth.com/turning-65/medicare-supplement-plan-g
2026-07-18	medigap plan g new jersey cost	njlifeandhealth.com	-1	
2026-07-18	medigap plan g new jersey cost	thebig65.com	3	https://thebig65.com/medigap-plans-nj/
2026-07-18	medicare supplement vs medicare advantage new jersey	mediplansnj.com	-1	
2026-07-18	medicare supplement vs medicare advantage new jersey	njseniorhealth.com	-1	
2026-07-18	medicare supplement vs medicare advantage new jersey	njlifeandhealth.com	-1	
2026-07-18	medicare supplement vs medicare advantage new jersey	thebig65.com	-1	
2026-07-18	turning 65 in new jersey medicare	mediplansnj.com	-1	
2026-07-18	turning 65 in new jersey medicare	njseniorhealth.com	2	https://www.njseniorhealth.com/turning-65/turning-65-_-welcome-to-medicare
2026-07-18	turning 65 in new jersey medicare	njlifeandhealth.com	4	https://www.njlifeandhealth.com/medicare/turning-65
2026-07-18	turning 65 in new jersey medicare	thebig65.com	-1	
2026-07-18	plan g vs plan n new jersey	mediplansnj.com	-1	
2026-07-18	plan g vs plan n new jersey	njseniorhealth.com	-1	
2026-07-18	plan g vs plan n new jersey	njlifeandhealth.com	-1	
2026-07-18	plan g vs plan n new jersey	thebig65.com	-1	
2026-07-18	what is medigap insurance	mediplansnj.com	-1	
2026-07-18	what is medigap insurance	njseniorhealth.com	-1	
2026-07-18	what is medigap insurance	njlifeandhealth.com	-1	
2026-07-18	what is medigap insurance	thebig65.com	-1	
2026-07-18	what is medigap	mediplansnj.com	-1	
2026-07-18	what is medigap	njseniorhealth.com	-1	
2026-07-18	what is medigap	njlifeandhealth.com	-1	
2026-07-18	what is medigap	thebig65.com	-1	
2026-07-18	medicare supplement plans pennsylvania 2026	mediplansnj.com	-1	
2026-07-18	medicare supplement plans pennsylvania 2026	njseniorhealth.com	-1	
2026-07-18	medicare supplement plans pennsylvania 2026	njlifeandhealth.com	-1	
2026-07-18	medicare supplement plans pennsylvania 2026	thebig65.com	8	https://thebig65.com/pennsylvania-medigap-plans-guide/
2026-07-18	best medicare supplement plans pennsylvania	mediplansnj.com	-1	
2026-07-18	best medicare supplement plans pennsylvania	njseniorhealth.com	-1	
2026-07-18	best medicare supplement plans pennsylvania	njlifeandhealth.com	-1	
2026-07-18	best medicare supplement plans pennsylvania	thebig65.com	-1	
2026-07-18	medicare parts a b c d explained	mediplansnj.com	-1	
2026-07-18	medicare parts a b c d explained	njseniorhealth.com	-1	
2026-07-18	medicare parts a b c d explained	njlifeandhealth.com	-1	
2026-07-18	medicare parts a b c d explained	thebig65.com	-1	
2026-07-18	medigap open enrollment new jersey	mediplansnj.com	-1	
2026-07-18	medigap open enrollment new jersey	njseniorhealth.com	4	https://www.njseniorhealth.com/articles/changing-medigap-plans
2026-07-18	medigap open enrollment new jersey	njlifeandhealth.com	-1	
2026-07-18	medigap open enrollment new jersey	thebig65.com	-1	
2026-07-18	switch medigap plans	mediplansnj.com	-1	
2026-07-18	switch medigap plans	njseniorhealth.com	-1	
2026-07-18	switch medigap plans	njlifeandhealth.com	-1	
2026-07-18	switch medigap plans	thebig65.com	-1	
2026-07-18	how to sign up for medicare	mediplansnj.com	-1	
2026-07-18	how to sign up for medicare	njseniorhealth.com	-1	
2026-07-18	how to sign up for medicare	njlifeandhealth.com	-1	
2026-07-18	how to sign up for medicare	thebig65.com	-1	
2026-07-18	medicare help low income	mediplansnj.com	-1	
2026-07-18	medicare help low income	njseniorhealth.com	-1	
2026-07-18	medicare help low income	njlifeandhealth.com	-1	
2026-07-18	medicare help low income	thebig65.com	-1	
2026-07-18	irmaa medicare surcharge	mediplansnj.com	-1	
2026-07-18	irmaa medicare surcharge	njseniorhealth.com	-1	
2026-07-18	irmaa medicare surcharge	njlifeandhealth.com	-1	
2026-07-18	irmaa medicare surcharge	thebig65.com	-1	
2026-07-18	best plan g rates in new jersey	mediplansnj.com	-1	
2026-07-18	best plan g rates in new jersey	njseniorhealth.com	-1	
2026-07-18	best plan g rates in new jersey	njlifeandhealth.com	-1	
2026-07-18	best plan g rates in new jersey	thebig65.com	5	https://thebig65.com/medigap-plans-nj/
2026-07-18	mutual of omaha medigap review	mediplansnj.com	-1	
2026-07-18	mutual of omaha medigap review	njseniorhealth.com	-1	
2026-07-18	mutual of omaha medigap review	njlifeandhealth.com	-1	
2026-07-18	mutual of omaha medigap review	thebig65.com	-1	
2026-07-18	humana medicare supplement review	mediplansnj.com	-1	
2026-07-18	humana medicare supplement review	njseniorhealth.com	-1	
2026-07-18	humana medicare supplement review	njlifeandhealth.com	-1	
2026-07-18	humana medicare supplement review	thebig65.com	-1	
2026-07-18	medico medicare supplement review	mediplansnj.com	-1	
2026-07-18	medico medicare supplement review	njseniorhealth.com	-1	
2026-07-18	medico medicare supplement review	njlifeandhealth.com	-1	
2026-07-18	medico medicare supplement review	thebig65.com	-1	
2026-07-18	bankers fidelity medicare supplement review	mediplansnj.com	-1	
2026-07-18	bankers fidelity medicare supplement review	njseniorhealth.com	-1	
2026-07-18	bankers fidelity medicare supplement review	njlifeandhealth.com	-1	
2026-07-18	bankers fidelity medicare supplement review	thebig65.com	-1	
2026-07-18	woodmenlife medicare supplement review	mediplansnj.com	-1	
2026-07-18	woodmenlife medicare supplement review	njseniorhealth.com	-1	
2026-07-18	woodmenlife medicare supplement review	njlifeandhealth.com	-1	
2026-07-18	woodmenlife medicare supplement review	thebig65.com	-1	
2026-07-18	compare medigap policies	mediplansnj.com	-1	
2026-07-18	compare medigap policies	njseniorhealth.com	-1	
2026-07-18	compare medigap policies	njlifeandhealth.com	-1	
2026-07-18	compare medigap policies	thebig65.com	-1	
2026-07-18	medicare broker nj	mediplansnj.com	-1	
2026-07-18	medicare broker nj	njseniorhealth.com	1	https://www.njseniorhealth.com/
2026-07-18	medicare broker nj	njlifeandhealth.com	2	https://www.njlifeandhealth.com/
2026-07-18	medicare broker nj	thebig65.com	3	https://thebig65.com/new-jersey-medicare-insurance-broker/
2026-07-18	medicare broker new jersey	mediplansnj.com	-1	
2026-07-18	medicare broker new jersey	njseniorhealth.com	1	https://www.njseniorhealth.com/
2026-07-18	medicare broker new jersey	njlifeandhealth.com	3	https://www.njlifeandhealth.com/new-jersey-medicare-brokers
2026-07-18	medicare broker new jersey	thebig65.com	4	https://thebig65.com/new-jersey-medicare-insurance-broker/
2026-07-18	medicare agent new jersey	mediplansnj.com	-1	
2026-07-18	medicare agent new jersey	njseniorhealth.com	2	https://www.njseniorhealth.com/
2026-07-18	medicare agent new jersey	njlifeandhealth.com	4	https://www.njlifeandhealth.com/new-jersey-medicare-brokers
2026-07-18	medicare agent new jersey	thebig65.com	-1	
2026-07-18	best medicare broker nj	mediplansnj.com	-1	
2026-07-18	best medicare broker nj	njseniorhealth.com	1	https://www.njseniorhealth.com/
2026-07-18	best medicare broker nj	njlifeandhealth.com	2	https://www.njlifeandhealth.com/new-jersey-medicare-brokers
2026-07-18	best medicare broker nj	thebig65.com	4	https://thebig65.com/new-jersey-medicare-insurance-broker/
2026-07-18	medicare broker near me new jersey	mediplansnj.com	8	https://www.mediplansnj.com/
2026-07-18	medicare broker near me new jersey	njseniorhealth.com	1	https://www.njseniorhealth.com/
2026-07-18	medicare broker near me new jersey	njlifeandhealth.com	3	https://www.njlifeandhealth.com/new-jersey-medicare-brokers
2026-07-18	medicare broker near me new jersey	thebig65.com	-1	
2026-07-18	cherry hill nj medicare agent	mediplansnj.com	2	https://www.mediplansnj.com/
2026-07-18	cherry hill nj medicare agent	njseniorhealth.com	-1	
2026-07-18	cherry hill nj medicare agent	njlifeandhealth.com	-1	
2026-07-18	cherry hill nj medicare agent	thebig65.com	-1	
2026-07-18	medicare broker camden county nj	mediplansnj.com	-1	
2026-07-18	medicare broker camden county nj	njseniorhealth.com	5	https://www.njseniorhealth.com/nj-service-areas/camden-county
2026-07-18	medicare broker camden county nj	njlifeandhealth.com	3	https://www.njlifeandhealth.com/new-jersey-medicare-brokers
2026-07-18	medicare broker camden county nj	thebig65.com	8	https://thebig65.com/new-jersey-medicare-insurance-broker/
2026-07-18	medicare broker ocean county nj	mediplansnj.com	-1	
2026-07-18	medicare broker ocean county nj	njseniorhealth.com	2	https://www.njseniorhealth.com/nj-service-areas/ocean-county
2026-07-18	medicare broker ocean county nj	njlifeandhealth.com	1	https://www.njlifeandhealth.com/new-jersey-medicare-brokers/ocean-county
2026-07-18	medicare broker ocean county nj	thebig65.com	-1	
2026-07-18	medicare broker bergen county nj	mediplansnj.com	-1	
2026-07-18	medicare broker bergen county nj	njseniorhealth.com	5	https://www.njseniorhealth.com/nj-service-areas/bergen-county
2026-07-18	medicare broker bergen county nj	njlifeandhealth.com	1	https://www.njlifeandhealth.com/new-jersey-medicare-brokers/bergen-county
2026-07-18	medicare broker bergen county nj	thebig65.com	8	https://thebig65.com/new-jersey-medicare-insurance-broker/
2026-07-18	medicare broker monmouth county nj	mediplansnj.com	-1	
2026-07-18	medicare broker monmouth county nj	njseniorhealth.com	2	https://www.njseniorhealth.com/nj-service-areas/monmouth-county
2026-07-18	medicare broker monmouth county nj	njlifeandhealth.com	1	https://www.njlifeandhealth.com/new-jersey-medicare-brokers/monmouth-county
2026-07-18	medicare broker monmouth county nj	thebig65.com	-1	
2026-07-18	medicare agent toms river nj	mediplansnj.com	-1	
2026-07-18	medicare agent toms river nj	njseniorhealth.com	-1	
2026-07-18	medicare agent toms river nj	njlifeandhealth.com	1	https://www.njlifeandhealth.com/
2026-07-18	medicare agent toms river nj	thebig65.com	-1	
2026-07-18	medicare agent lakewood nj	mediplansnj.com	-1	
2026-07-18	medicare agent lakewood nj	njseniorhealth.com	-1	
2026-07-18	medicare agent lakewood nj	njlifeandhealth.com	4	https://www.njlifeandhealth.com/new-jersey-medicare-brokers/ocean-county
2026-07-18	medicare agent lakewood nj	thebig65.com	-1	
2026-07-18	new jersey medigap rates	mediplansnj.com	-1	
2026-07-18	new jersey medigap rates	njseniorhealth.com	-1	
2026-07-18	new jersey medigap rates	njlifeandhealth.com	-1	
2026-07-18	new jersey medigap rates	thebig65.com	-1	
2026-07-19	best medicare supplement plans new jersey 2026	mediplansnj.com	-1	
2026-07-19	best medicare supplement plans new jersey 2026	njseniorhealth.com	-1	
2026-07-19	best medicare supplement plans new jersey 2026	njlifeandhealth.com	-1	
2026-07-19	best medicare supplement plans new jersey 2026	thebig65.com	2	https://thebig65.com/medigap-plans-nj/
2026-07-19	best medigap plans in NJ	mediplansnj.com	-1	
2026-07-19	best medigap plans in NJ	njseniorhealth.com	-1	
2026-07-19	best medigap plans in NJ	njlifeandhealth.com	-1	
2026-07-19	best medigap plans in NJ	thebig65.com	2	https://thebig65.com/medigap-plans-nj/
2026-07-19	best medigap plans new jersey	mediplansnj.com	-1	
2026-07-19	best medigap plans new jersey	njseniorhealth.com	-1	
2026-07-19	best medigap plans new jersey	njlifeandhealth.com	-1	
2026-07-19	best medigap plans new jersey	thebig65.com	2	https://thebig65.com/medigap-plans-nj/
2026-07-19	medigap plan g new jersey cost	mediplansnj.com	-1	
2026-07-19	medigap plan g new jersey cost	njseniorhealth.com	-1	
2026-07-19	medigap plan g new jersey cost	njlifeandhealth.com	-1	
2026-07-19	medigap plan g new jersey cost	thebig65.com	3	https://thebig65.com/medigap-plans-nj/
2026-07-19	medicare supplement vs medicare advantage new jersey	mediplansnj.com	-1	
2026-07-19	medicare supplement vs medicare advantage new jersey	njseniorhealth.com	-1	
2026-07-19	medicare supplement vs medicare advantage new jersey	njlifeandhealth.com	-1	
2026-07-19	medicare supplement vs medicare advantage new jersey	thebig65.com	-1	
2026-07-19	turning 65 in new jersey medicare	mediplansnj.com	-1	
2026-07-19	turning 65 in new jersey medicare	njseniorhealth.com	2	https://www.njseniorhealth.com/turning-65/turning-65-_-welcome-to-medicare
2026-07-19	turning 65 in new jersey medicare	njlifeandhealth.com	4	https://www.njlifeandhealth.com/medicare/turning-65
2026-07-19	turning 65 in new jersey medicare	thebig65.com	-1	
2026-07-19	plan g vs plan n new jersey	mediplansnj.com	-1	
2026-07-19	plan g vs plan n new jersey	njseniorhealth.com	-1	
2026-07-19	plan g vs plan n new jersey	njlifeandhealth.com	-1	
2026-07-19	plan g vs plan n new jersey	thebig65.com	-1	
2026-07-19	what is medigap insurance	mediplansnj.com	-1	
2026-07-19	what is medigap insurance	njseniorhealth.com	-1	
2026-07-19	what is medigap insurance	njlifeandhealth.com	-1	
2026-07-19	what is medigap insurance	thebig65.com	-1	
2026-07-19	what is medigap	mediplansnj.com	-1	
2026-07-19	what is medigap	njseniorhealth.com	-1	
2026-07-19	what is medigap	njlifeandhealth.com	-1	
2026-07-19	what is medigap	thebig65.com	-1	
2026-07-19	medicare supplement plans pennsylvania 2026	mediplansnj.com	-1	
2026-07-19	medicare supplement plans pennsylvania 2026	njseniorhealth.com	-1	
2026-07-19	medicare supplement plans pennsylvania 2026	njlifeandhealth.com	-1	
2026-07-19	medicare supplement plans pennsylvania 2026	thebig65.com	-1	
2026-07-19	best medicare supplement plans pennsylvania	mediplansnj.com	-1	
2026-07-19	best medicare supplement plans pennsylvania	njseniorhealth.com	-1	
2026-07-19	best medicare supplement plans pennsylvania	njlifeandhealth.com	-1	
2026-07-19	best medicare supplement plans pennsylvania	thebig65.com	-1	
2026-07-19	medicare parts a b c d explained	mediplansnj.com	-1	
2026-07-19	medicare parts a b c d explained	njseniorhealth.com	-1	
2026-07-19	medicare parts a b c d explained	njlifeandhealth.com	-1	
2026-07-19	medicare parts a b c d explained	thebig65.com	-1	
2026-07-19	medigap open enrollment new jersey	mediplansnj.com	-1	
2026-07-19	medigap open enrollment new jersey	njseniorhealth.com	6	https://www.njseniorhealth.com/articles/changing-medigap-plans
2026-07-19	medigap open enrollment new jersey	njlifeandhealth.com	-1	
2026-07-19	medigap open enrollment new jersey	thebig65.com	-1	
2026-07-19	switch medigap plans	mediplansnj.com	-1	
2026-07-19	switch medigap plans	njseniorhealth.com	-1	
2026-07-19	switch medigap plans	njlifeandhealth.com	-1	
2026-07-19	switch medigap plans	thebig65.com	-1	
2026-07-19	how to sign up for medicare	mediplansnj.com	-1	
2026-07-19	how to sign up for medicare	njseniorhealth.com	-1	
2026-07-19	how to sign up for medicare	njlifeandhealth.com	-1	
2026-07-19	how to sign up for medicare	thebig65.com	-1	
2026-07-19	medicare help low income	mediplansnj.com	-1	
2026-07-19	medicare help low income	njseniorhealth.com	-1	
2026-07-19	medicare help low income	njlifeandhealth.com	-1	
2026-07-19	medicare help low income	thebig65.com	-1	
2026-07-19	irmaa medicare surcharge	mediplansnj.com	-1	
2026-07-19	irmaa medicare surcharge	njseniorhealth.com	-1	
2026-07-19	irmaa medicare surcharge	njlifeandhealth.com	-1	
2026-07-19	irmaa medicare surcharge	thebig65.com	-1	
2026-07-19	best plan g rates in new jersey	mediplansnj.com	-1	
2026-07-19	best plan g rates in new jersey	njseniorhealth.com	-1	
2026-07-19	best plan g rates in new jersey	njlifeandhealth.com	-1	
2026-07-19	best plan g rates in new jersey	thebig65.com	2	https://thebig65.com/medigap-plans-nj/
2026-07-19	mutual of omaha medigap review	mediplansnj.com	-1	
2026-07-19	mutual of omaha medigap review	njseniorhealth.com	-1	
2026-07-19	mutual of omaha medigap review	njlifeandhealth.com	-1	
2026-07-19	mutual of omaha medigap review	thebig65.com	-1	
2026-07-19	humana medicare supplement review	mediplansnj.com	-1	
2026-07-19	humana medicare supplement review	njseniorhealth.com	-1	
2026-07-19	humana medicare supplement review	njlifeandhealth.com	-1	
2026-07-19	humana medicare supplement review	thebig65.com	-1	
2026-07-19	medico medicare supplement review	mediplansnj.com	-1	
2026-07-19	medico medicare supplement review	njseniorhealth.com	-1	
2026-07-19	medico medicare supplement review	njlifeandhealth.com	-1	
2026-07-19	medico medicare supplement review	thebig65.com	-1	
2026-07-19	bankers fidelity medicare supplement review	mediplansnj.com	-1	
2026-07-19	bankers fidelity medicare supplement review	njseniorhealth.com	-1	
2026-07-19	bankers fidelity medicare supplement review	njlifeandhealth.com	-1	
2026-07-19	bankers fidelity medicare supplement review	thebig65.com	-1	
2026-07-19	woodmenlife medicare supplement review	mediplansnj.com	-1	
2026-07-19	woodmenlife medicare supplement review	njseniorhealth.com	-1	
2026-07-19	woodmenlife medicare supplement review	njlifeandhealth.com	-1	
2026-07-19	woodmenlife medicare supplement review	thebig65.com	-1	
2026-07-19	compare medigap policies	mediplansnj.com	-1	
2026-07-19	compare medigap policies	njseniorhealth.com	-1	
2026-07-19	compare medigap policies	njlifeandhealth.com	-1	
2026-07-19	compare medigap policies	thebig65.com	-1	
2026-07-19	medicare broker nj	mediplansnj.com	-1	
2026-07-19	medicare broker nj	njseniorhealth.com	2	https://www.njseniorhealth.com/
2026-07-19	medicare broker nj	njlifeandhealth.com	1	https://www.njlifeandhealth.com/
2026-07-19	medicare broker nj	thebig65.com	4	https://thebig65.com/new-jersey-medicare-insurance-broker/
2026-07-19	medicare broker new jersey	mediplansnj.com	-1	
2026-07-19	medicare broker new jersey	njseniorhealth.com	1	https://www.njseniorhealth.com/
2026-07-19	medicare broker new jersey	njlifeandhealth.com	3	https://www.njlifeandhealth.com/new-jersey-medicare-brokers
2026-07-19	medicare broker new jersey	thebig65.com	4	https://thebig65.com/new-jersey-medicare-insurance-broker/
2026-07-19	medicare agent new jersey	mediplansnj.com	-1	
2026-07-19	medicare agent new jersey	njseniorhealth.com	1	https://www.njseniorhealth.com/
2026-07-19	medicare agent new jersey	njlifeandhealth.com	2	https://www.njlifeandhealth.com/
2026-07-19	medicare agent new jersey	thebig65.com	-1	
2026-07-19	best medicare broker nj	mediplansnj.com	-1	
2026-07-19	best medicare broker nj	njseniorhealth.com	2	https://www.njseniorhealth.com/
2026-07-19	best medicare broker nj	njlifeandhealth.com	1	https://www.njlifeandhealth.com/new-jersey-medicare-brokers
2026-07-19	best medicare broker nj	thebig65.com	-1	
2026-07-19	medicare broker near me new jersey	mediplansnj.com	-1	
2026-07-19	medicare broker near me new jersey	njseniorhealth.com	1	https://www.njseniorhealth.com/
2026-07-19	medicare broker near me new jersey	njlifeandhealth.com	2	https://www.njlifeandhealth.com/new-jersey-medicare-brokers
2026-07-19	medicare broker near me new jersey	thebig65.com	4	https://thebig65.com/new-jersey-medicare-insurance-broker/
2026-07-19	cherry hill nj medicare agent	mediplansnj.com	2	https://www.mediplansnj.com/
2026-07-19	cherry hill nj medicare agent	njseniorhealth.com	-1	
2026-07-19	cherry hill nj medicare agent	njlifeandhealth.com	-1	
2026-07-19	cherry hill nj medicare agent	thebig65.com	-1	
2026-07-19	medicare broker camden county nj	mediplansnj.com	-1	
2026-07-19	medicare broker camden county nj	njseniorhealth.com	5	https://www.njseniorhealth.com/nj-service-areas/camden-county
2026-07-19	medicare broker camden county nj	njlifeandhealth.com	3	https://www.njlifeandhealth.com/new-jersey-medicare-brokers
2026-07-19	medicare broker camden county nj	thebig65.com	7	https://thebig65.com/new-jersey-medicare-insurance-broker/
2026-07-19	medicare broker ocean county nj	mediplansnj.com	-1	
2026-07-19	medicare broker ocean county nj	njseniorhealth.com	2	https://www.njseniorhealth.com/nj-service-areas/ocean-county
2026-07-19	medicare broker ocean county nj	njlifeandhealth.com	1	https://www.njlifeandhealth.com/new-jersey-medicare-brokers/ocean-county
2026-07-19	medicare broker ocean county nj	thebig65.com	-1	
2026-07-19	medicare broker bergen county nj	mediplansnj.com	-1	
2026-07-19	medicare broker bergen county nj	njseniorhealth.com	8	https://www.njseniorhealth.com/
2026-07-19	medicare broker bergen county nj	njlifeandhealth.com	1	https://www.njlifeandhealth.com/new-jersey-medicare-brokers/bergen-county
2026-07-19	medicare broker bergen county nj	thebig65.com	6	https://thebig65.com/new-jersey-medicare-insurance-broker/
2026-07-19	medicare broker monmouth county nj	mediplansnj.com	-1	
2026-07-19	medicare broker monmouth county nj	njseniorhealth.com	2	https://www.njseniorhealth.com/nj-service-areas/monmouth-county
2026-07-19	medicare broker monmouth county nj	njlifeandhealth.com	1	https://www.njlifeandhealth.com/new-jersey-medicare-brokers/monmouth-county
2026-07-19	medicare broker monmouth county nj	thebig65.com	10	https://thebig65.com/new-jersey-medicare-insurance-broker/
2026-07-19	medicare agent toms river nj	mediplansnj.com	-1	
2026-07-19	medicare agent toms river nj	njseniorhealth.com	-1	
2026-07-19	medicare agent toms river nj	njlifeandhealth.com	2	https://www.njlifeandhealth.com/
2026-07-19	medicare agent toms river nj	thebig65.com	-1	
2026-07-19	medicare agent lakewood nj	mediplansnj.com	-1	
2026-07-19	medicare agent lakewood nj	njseniorhealth.com	-1	
2026-07-19	medicare agent lakewood nj	njlifeandhealth.com	5	https://www.njlifeandhealth.com/new-jersey-medicare-brokers/ocean-county
2026-07-19	medicare agent lakewood nj	thebig65.com	-1	
2026-07-19	new jersey medigap rates	mediplansnj.com	-1	
2026-07-19	new jersey medigap rates	njseniorhealth.com	-1	
2026-07-19	new jersey medigap rates	njlifeandhealth.com	-1	
2026-07-19	new jersey medigap rates	thebig65.com	-1	
2026-07-20	best medicare supplement plans new jersey 2026	mediplansnj.com	-1	
2026-07-20	best medicare supplement plans new jersey 2026	njseniorhealth.com	-1	
2026-07-20	best medicare supplement plans new jersey 2026	njlifeandhealth.com	-1	
2026-07-20	best medicare supplement plans new jersey 2026	thebig65.com	2	https://thebig65.com/medigap-plans-nj/
2026-07-20	best medigap plans in NJ	mediplansnj.com	-1	
2026-07-20	best medigap plans in NJ	njseniorhealth.com	-1	
2026-07-20	best medigap plans in NJ	njlifeandhealth.com	-1	
2026-07-20	best medigap plans in NJ	thebig65.com	3	https://thebig65.com/medigap-plans-nj/
2026-07-20	best medigap plans new jersey	mediplansnj.com	-1	
2026-07-20	best medigap plans new jersey	njseniorhealth.com	-1	
2026-07-20	best medigap plans new jersey	njlifeandhealth.com	-1	
2026-07-20	best medigap plans new jersey	thebig65.com	3	https://thebig65.com/medigap-plans-nj/
2026-07-20	medigap plan g new jersey cost	mediplansnj.com	-1	
2026-07-20	medigap plan g new jersey cost	njseniorhealth.com	9	https://www.njseniorhealth.com/turning-65/medicare-supplement-plan-g
2026-07-20	medigap plan g new jersey cost	njlifeandhealth.com	-1	
2026-07-20	medigap plan g new jersey cost	thebig65.com	6	https://thebig65.com/medigap-plans-nj/
2026-07-20	medicare supplement vs medicare advantage new jersey	mediplansnj.com	-1	
2026-07-20	medicare supplement vs medicare advantage new jersey	njseniorhealth.com	-1	
2026-07-20	medicare supplement vs medicare advantage new jersey	njlifeandhealth.com	-1	
2026-07-20	medicare supplement vs medicare advantage new jersey	thebig65.com	-1	
2026-07-20	turning 65 in new jersey medicare	mediplansnj.com	-1	
2026-07-20	turning 65 in new jersey medicare	njseniorhealth.com	4	https://www.njseniorhealth.com/turning-65/turning-65-_-welcome-to-medicare
2026-07-20	turning 65 in new jersey medicare	njlifeandhealth.com	2	https://www.njlifeandhealth.com/medicare/turning-65
2026-07-20	turning 65 in new jersey medicare	thebig65.com	-1	
2026-07-20	plan g vs plan n new jersey	mediplansnj.com	-1	
2026-07-20	plan g vs plan n new jersey	njseniorhealth.com	-1	
2026-07-20	plan g vs plan n new jersey	njlifeandhealth.com	2	https://www.njlifeandhealth.com/medicare/medicare-supplements/new-jersey
2026-07-20	plan g vs plan n new jersey	thebig65.com	3	https://thebig65.com/medigap-plans-nj/
2026-07-20	what is medigap insurance	mediplansnj.com	-1	
2026-07-20	what is medigap insurance	njseniorhealth.com	-1	
2026-07-20	what is medigap insurance	njlifeandhealth.com	-1	
2026-07-20	what is medigap insurance	thebig65.com	-1	
2026-07-20	what is medigap	mediplansnj.com	-1	
2026-07-20	what is medigap	njseniorhealth.com	-1	
2026-07-20	what is medigap	njlifeandhealth.com	-1	
2026-07-20	what is medigap	thebig65.com	-1	
2026-07-20	medicare supplement plans pennsylvania 2026	mediplansnj.com	-1	
2026-07-20	medicare supplement plans pennsylvania 2026	njseniorhealth.com	-1	
2026-07-20	medicare supplement plans pennsylvania 2026	njlifeandhealth.com	-1	
2026-07-20	medicare supplement plans pennsylvania 2026	thebig65.com	8	https://thebig65.com/pennsylvania-medigap-plans-guide/
2026-07-20	best medicare supplement plans pennsylvania	mediplansnj.com	-1	
2026-07-20	best medicare supplement plans pennsylvania	njseniorhealth.com	-1	
2026-07-20	best medicare supplement plans pennsylvania	njlifeandhealth.com	-1	
2026-07-20	best medicare supplement plans pennsylvania	thebig65.com	-1	
2026-07-20	medicare parts a b c d explained	mediplansnj.com	-1	
2026-07-20	medicare parts a b c d explained	njseniorhealth.com	-1	
2026-07-20	medicare parts a b c d explained	njlifeandhealth.com	-1	
2026-07-20	medicare parts a b c d explained	thebig65.com	-1	
2026-07-20	medigap open enrollment new jersey	mediplansnj.com	-1	
2026-07-20	medigap open enrollment new jersey	njseniorhealth.com	-1	
2026-07-20	medigap open enrollment new jersey	njlifeandhealth.com	-1	
2026-07-20	medigap open enrollment new jersey	thebig65.com	-1	
2026-07-20	switch medigap plans	mediplansnj.com	-1	
2026-07-20	switch medigap plans	njseniorhealth.com	-1	
2026-07-20	switch medigap plans	njlifeandhealth.com	-1	
2026-07-20	switch medigap plans	thebig65.com	-1	
2026-07-20	how to sign up for medicare	mediplansnj.com	-1	
2026-07-20	how to sign up for medicare	njseniorhealth.com	-1	
2026-07-20	how to sign up for medicare	njlifeandhealth.com	-1	
2026-07-20	how to sign up for medicare	thebig65.com	-1	
2026-07-20	medicare help low income	mediplansnj.com	-1	
2026-07-20	medicare help low income	njseniorhealth.com	-1	
2026-07-20	medicare help low income	njlifeandhealth.com	-1	
2026-07-20	medicare help low income	thebig65.com	-1	
2026-07-20	irmaa medicare surcharge	mediplansnj.com	-1	
2026-07-20	irmaa medicare surcharge	njseniorhealth.com	-1	
2026-07-20	irmaa medicare surcharge	njlifeandhealth.com	-1	
2026-07-20	irmaa medicare surcharge	thebig65.com	-1	
2026-07-20	best plan g rates in new jersey	mediplansnj.com	-1	
2026-07-20	best plan g rates in new jersey	njseniorhealth.com	-1	
2026-07-20	best plan g rates in new jersey	njlifeandhealth.com	-1	
2026-07-20	best plan g rates in new jersey	thebig65.com	3	https://thebig65.com/medigap-plans-nj/
2026-07-20	mutual of omaha medigap review	mediplansnj.com	-1	
2026-07-20	mutual of omaha medigap review	njseniorhealth.com	-1	
2026-07-20	mutual of omaha medigap review	njlifeandhealth.com	-1	
2026-07-20	mutual of omaha medigap review	thebig65.com	-1	
2026-07-20	humana medicare supplement review	mediplansnj.com	-1	
2026-07-20	humana medicare supplement review	njseniorhealth.com	-1	
2026-07-20	humana medicare supplement review	njlifeandhealth.com	-1	
2026-07-20	humana medicare supplement review	thebig65.com	-1	
2026-07-20	medico medicare supplement review	mediplansnj.com	-1	
2026-07-20	medico medicare supplement review	njseniorhealth.com	-1	
2026-07-20	medico medicare supplement review	njlifeandhealth.com	-1	
2026-07-20	medico medicare supplement review	thebig65.com	-1	
2026-07-20	bankers fidelity medicare supplement review	mediplansnj.com	-1	
2026-07-20	bankers fidelity medicare supplement review	njseniorhealth.com	-1	
2026-07-20	bankers fidelity medicare supplement review	njlifeandhealth.com	-1	
2026-07-20	bankers fidelity medicare supplement review	thebig65.com	-1	
2026-07-20	woodmenlife medicare supplement review	mediplansnj.com	-1	
2026-07-20	woodmenlife medicare supplement review	njseniorhealth.com	-1	
2026-07-20	woodmenlife medicare supplement review	njlifeandhealth.com	-1	
2026-07-20	woodmenlife medicare supplement review	thebig65.com	-1	
2026-07-20	compare medigap policies	mediplansnj.com	-1	
2026-07-20	compare medigap policies	njseniorhealth.com	-1	
2026-07-20	compare medigap policies	njlifeandhealth.com	-1	
2026-07-20	compare medigap policies	thebig65.com	-1	
2026-07-20	medicare broker nj	mediplansnj.com	-1	
2026-07-20	medicare broker nj	njseniorhealth.com	1	https://www.njseniorhealth.com/
2026-07-20	medicare broker nj	njlifeandhealth.com	2	https://www.njlifeandhealth.com/new-jersey-medicare-brokers
2026-07-20	medicare broker nj	thebig65.com	10	https://thebig65.com/new-jersey-medicare-insurance-broker/
2026-07-20	medicare broker new jersey	mediplansnj.com	-1	
2026-07-20	medicare broker new jersey	njseniorhealth.com	1	https://www.njseniorhealth.com/
2026-07-20	medicare broker new jersey	njlifeandhealth.com	2	https://www.njlifeandhealth.com/new-jersey-medicare-brokers
2026-07-20	medicare broker new jersey	thebig65.com	-1	
2026-07-20	medicare agent new jersey	mediplansnj.com	-1	
2026-07-20	medicare agent new jersey	njseniorhealth.com	2	https://www.njseniorhealth.com/
2026-07-20	medicare agent new jersey	njlifeandhealth.com	4	https://www.njlifeandhealth.com/
2026-07-20	medicare agent new jersey	thebig65.com	9	https://thebig65.com/new-jersey-medicare-insurance-broker/
2026-07-20	best medicare broker nj	mediplansnj.com	-1	
2026-07-20	best medicare broker nj	njseniorhealth.com	1	https://www.njseniorhealth.com/
2026-07-20	best medicare broker nj	njlifeandhealth.com	2	https://www.njlifeandhealth.com/new-jersey-medicare-brokers
2026-07-20	best medicare broker nj	thebig65.com	4	https://thebig65.com/new-jersey-medicare-insurance-broker/
2026-07-20	medicare broker near me new jersey	mediplansnj.com	-1	
2026-07-20	medicare broker near me new jersey	njseniorhealth.com	1	https://www.njseniorhealth.com/
2026-07-20	medicare broker near me new jersey	njlifeandhealth.com	2	https://www.njlifeandhealth.com/new-jersey-medicare-brokers
2026-07-20	medicare broker near me new jersey	thebig65.com	4	https://thebig65.com/new-jersey-medicare-insurance-broker/
2026-07-20	cherry hill nj medicare agent	mediplansnj.com	2	https://www.mediplansnj.com/
2026-07-20	cherry hill nj medicare agent	njseniorhealth.com	-1	
2026-07-20	cherry hill nj medicare agent	njlifeandhealth.com	-1	
2026-07-20	cherry hill nj medicare agent	thebig65.com	-1	
2026-07-20	medicare broker camden county nj	mediplansnj.com	8	https://www.mediplansnj.com/
2026-07-20	medicare broker camden county nj	njseniorhealth.com	6	https://www.njseniorhealth.com/
2026-07-20	medicare broker camden county nj	njlifeandhealth.com	5	https://www.njlifeandhealth.com/
2026-07-20	medicare broker camden county nj	thebig65.com	-1	
2026-07-20	medicare broker ocean county nj	mediplansnj.com	-1	
2026-07-20	medicare broker ocean county nj	njseniorhealth.com	2	https://www.njseniorhealth.com/nj-service-areas/ocean-county
2026-07-20	medicare broker ocean county nj	njlifeandhealth.com	1	https://www.njlifeandhealth.com/new-jersey-medicare-brokers/ocean-county
2026-07-20	medicare broker ocean county nj	thebig65.com	-1	
2026-07-20	medicare broker bergen county nj	mediplansnj.com	-1	
2026-07-20	medicare broker bergen county nj	njseniorhealth.com	5	https://www.njseniorhealth.com/nj-service-areas/bergen-county
2026-07-20	medicare broker bergen county nj	njlifeandhealth.com	1	https://www.njlifeandhealth.com/new-jersey-medicare-brokers/bergen-county
2026-07-20	medicare broker bergen county nj	thebig65.com	9	https://thebig65.com/new-jersey-medicare-insurance-broker/
2026-07-20	medicare broker monmouth county nj	mediplansnj.com	-1	
2026-07-20	medicare broker monmouth county nj	njseniorhealth.com	2	https://www.njseniorhealth.com/nj-service-areas/monmouth-county
2026-07-20	medicare broker monmouth county nj	njlifeandhealth.com	1	https://www.njlifeandhealth.com/new-jersey-medicare-brokers/monmouth-county
2026-07-20	medicare broker monmouth county nj	thebig65.com	7	https://thebig65.com/new-jersey-medicare-insurance-broker/
2026-07-20	medicare agent toms river nj	mediplansnj.com	-1	
2026-07-20	medicare agent toms river nj	njseniorhealth.com	-1	
2026-07-20	medicare agent toms river nj	njlifeandhealth.com	2	https://www.njlifeandhealth.com/
2026-07-20	medicare agent toms river nj	thebig65.com	-1	
2026-07-20	medicare agent lakewood nj	mediplansnj.com	-1	
2026-07-20	medicare agent lakewood nj	njseniorhealth.com	5	https://www.njseniorhealth.com/
2026-07-20	medicare agent lakewood nj	njlifeandhealth.com	-1	
2026-07-20	medicare agent lakewood nj	thebig65.com	-1	
2026-07-20	new jersey medigap rates	mediplansnj.com	-1	
2026-07-20	new jersey medigap rates	njseniorhealth.com	-1	
2026-07-20	new jersey medigap rates	njlifeandhealth.com	-1	
2026-07-20	new jersey medigap rates	thebig65.com	8	https://thebig65.com/medigap-plans-nj/
